trade_id,trade_date_int,settle_date_int,security_id_int,side_int,quantity_int,price_int,counterparty_int,book_int,trade_date_cust,settle_date_cust,security_id_cust,side_cust,quantity_cust,price_cust,counterparty_cust,book_cust,break_category,effective_trade_date,age_days,age_bucket,financial_impact_usd,age_weight,priority_score
T104657,2026-04-17,2026-04-26,TSLA,SELL,9114.0,494.83,Citi,EQ-HK,,,,,,,,,MISSING_CUST,2026-04-17,9,>5d,4509880.62,10,45098806.2
T106227,,,,,,,,,2026-04-18,2026-04-28,GS,BUY,9801.0,457.56,UBS,EQ-NY,MISSING_INT,2026-04-18,8,>5d,4484545.56,10,44845455.6
T102309,2026-04-18,2026-04-28,AMZN,BUY,9462.0,471.45,Goldman Sachs,EQ-NY,2026-04-18,2026-04-28,AMZN,BUY,9462.0,471.45,Goldman Sachs,EQ-NY,DUP,2026-04-18,8,>5d,4460859.9,10,44608599.0
T102309,2026-04-18,2026-04-28,AMZN,BUY,9462.0,471.45,Goldman Sachs,EQ-NY,2026-04-18,2026-04-28,AMZN,BUY,9462.0,471.45,Goldman Sachs,EQ-NY,DUP,2026-04-18,8,>5d,4460859.9,10,44608599.0
T106621,2026-04-17,2026-04-26,HSBA.L,BUY,9117.0,480.11,Goldman Sachs,EQ-NY,,,,,,,,,MISSING_CUST,2026-04-17,9,>5d,4377162.87,10,43771628.7
T100465,,,,,,,,,2026-04-17,2026-04-28,HSBA.L,SELL,9214.0,451.24,Morgan Stanley,EQ-LDN,MISSING_INT,2026-04-17,9,>5d,4157725.36,10,41577253.6
T104492,2026-04-19,2026-04-28,VOD.L,BUY,7819.0,488.13,Morgan Stanley,EQ-LDN,,,,,,,,,MISSING_CUST,2026-04-19,7,>5d,3816688.47,10,38166884.7
T107042,2026-04-19,2026-04-28,BAC,SELL,9613.0,369.75,Barclays,EQ-HK,2026-04-19,2026-04-28,BAC,SELL,9613.0,369.75,Barclays,EQ-HK,DUP,2026-04-19,7,>5d,3554406.75,10,35544067.5
T107042,2026-04-19,2026-04-28,BAC,SELL,9613.0,369.75,Barclays,EQ-HK,2026-04-19,2026-04-28,BAC,SELL,9613.0,369.75,Barclays,EQ-HK,DUP,2026-04-19,7,>5d,3554406.75,10,35544067.5
T105612,,,,,,,,,2026-04-18,2026-04-26,GS,SELL,8863.0,396.99,UBS,EQ-NY,MISSING_INT,2026-04-18,8,>5d,3518522.37,10,35185223.7
T104355,,,,,,,,,2026-04-17,2026-04-28,GS,BUY,7506.0,457.26,Barclays,EQ-LDN,MISSING_INT,2026-04-17,9,>5d,3432193.56,10,34321935.6
T102054,,,,,,,,,2026-04-18,2026-04-28,JPM,BUY,8576.0,397.65,Citi,EQ-HK,MISSING_INT,2026-04-18,8,>5d,3410246.4,10,34102464.0
T102036,,,,,,,,,2026-04-17,2026-04-28,MSFT,SELL,9032.0,350.23,JP Morgan,EQ-HK,MISSING_INT,2026-04-17,9,>5d,3163277.36,10,31632773.6
T109706,,,,,,,,,2026-04-19,2026-04-26,GS,BUY,6548.0,481.22,JP Morgan,EQ-LDN,MISSING_INT,2026-04-19,7,>5d,3151028.56,10,31510285.6
T109040,,,,,,,,,2026-04-19,2026-04-27,MSFT,SELL,9053.0,342.71,Citi,EQ-NY,MISSING_INT,2026-04-19,7,>5d,3102553.63,10,31025536.3
T102637,2026-04-17,2026-04-26,JPM,SELL,6951.0,426.49,Barclays,EQ-LDN,,,,,,,,,MISSING_CUST,2026-04-17,9,>5d,2964531.99,10,29645319.9
T108473,,,,,,,,,2026-04-18,2026-04-27,BAC,BUY,9737.0,291.24,JP Morgan,EQ-LDN,MISSING_INT,2026-04-18,8,>5d,2835803.88,10,28358038.8
T106164,2026-04-17,2026-04-28,BAC,BUY,5981.0,467.86,UBS,EQ-NY,2026-04-17,2026-04-28,BAC,BUY,5981.0,467.86,UBS,EQ-NY,DUP,2026-04-17,9,>5d,2798270.66,10,27982706.6
T106164,2026-04-17,2026-04-28,BAC,BUY,5981.0,467.86,UBS,EQ-NY,2026-04-17,2026-04-28,BAC,BUY,5981.0,467.86,UBS,EQ-NY,DUP,2026-04-17,9,>5d,2798270.66,10,27982706.6
T105301,2026-04-20,2026-04-27,AAPL,SELL,7652.0,364.5,Goldman Sachs,EQ-NY,2026-04-20,2026-04-27,AAPL,SELL,7652.0,364.5,Goldman Sachs,EQ-NY,DUP,2026-04-20,6,>5d,2789154.0,10,27891540.0
T105301,2026-04-20,2026-04-27,AAPL,SELL,7652.0,364.5,Goldman Sachs,EQ-NY,2026-04-20,2026-04-27,AAPL,SELL,7652.0,364.5,Goldman Sachs,EQ-NY,DUP,2026-04-20,6,>5d,2789154.0,10,27891540.0
T106276,2026-04-19,2026-04-26,MSFT,BUY,5516.0,497.32,Goldman Sachs,EQ-NY,2026-04-19,2026-04-26,MSFT,BUY,5516.0,497.32,Goldman Sachs,EQ-NY,DUP,2026-04-19,7,>5d,2743217.12,10,27432171.2
T106276,2026-04-19,2026-04-26,MSFT,BUY,5516.0,497.32,Goldman Sachs,EQ-NY,2026-04-19,2026-04-26,MSFT,BUY,5516.0,497.32,Goldman Sachs,EQ-NY,DUP,2026-04-19,7,>5d,2743217.12,10,27432171.2
T107061,2026-04-17,2026-04-28,AAPL,BUY,9988.0,268.36,UBS,EQ-NY,2026-04-17,2026-04-28,AAPL,BUY,9988.0,268.36,UBS,EQ-NY,DUP,2026-04-17,9,>5d,2680379.68,10,26803796.8
T107061,2026-04-17,2026-04-28,AAPL,BUY,9988.0,268.36,UBS,EQ-NY,2026-04-17,2026-04-28,AAPL,BUY,9988.0,268.36,UBS,EQ-NY,DUP,2026-04-17,9,>5d,2680379.68,10,26803796.8
T109493,,,,,,,,,2026-04-18,2026-04-26,GS,BUY,6019.0,439.73,Morgan Stanley,EQ-HK,MISSING_INT,2026-04-18,8,>5d,2646734.87,10,26467348.7
T104597,2026-04-18,2026-04-28,GS,SELL,6700.0,350.08,Goldman Sachs,EQ-NY,,,,,,,,,MISSING_CUST,2026-04-18,8,>5d,2345536.0,10,23455360.0
T109068,,,,,,,,,2026-04-20,2026-04-28,VOD.L,SELL,6006.0,375.77,Barclays,EQ-LDN,MISSING_INT,2026-04-20,6,>5d,2256874.62,10,22568746.2
T102369,,,,,,,,,2026-04-19,2026-04-26,AAPL,BUY,9405.0,239.65,JP Morgan,EQ-LDN,MISSING_INT,2026-04-19,7,>5d,2253908.25,10,22539082.5
T105102,,,,,,,,,2026-04-17,2026-04-26,TSLA,BUY,4874.0,459.94,UBS,EQ-HK,MISSING_INT,2026-04-17,9,>5d,2241747.56,10,22417475.6
T109812,2026-04-18,2026-04-26,AAPL,SELL,4748.0,472.04,Citi,EQ-HK,,,,,,,,,MISSING_CUST,2026-04-18,8,>5d,2241245.92,10,22412459.2
T104675,2026-04-19,2026-04-26,JPM,SELL,9583.0,212.42,Barclays,EQ-HK,,,,,,,,,MISSING_CUST,2026-04-19,7,>5d,2035620.86,10,20356208.6
T104341,,,,,,,,,2026-04-18,2026-04-26,TSLA,BUY,9924.0,188.82,Citi,EQ-NY,MISSING_INT,2026-04-18,8,>5d,1873849.68,10,18738496.8
T101889,2026-04-19,2026-04-27,HSBA.L,BUY,5987.0,310.33,Goldman Sachs,EQ-HK,,,,,,,,,MISSING_CUST,2026-04-19,7,>5d,1857945.71,10,18579457.1
T102533,2026-04-19,2026-04-27,GOOG,BUY,3756.0,488.09,Citi,EQ-LDN,,,,,,,,,MISSING_CUST,2026-04-19,7,>5d,1833266.04,10,18332660.4
T101477,,,,,,,,,2026-04-17,2026-04-26,TSLA,BUY,3967.0,460.35,Morgan Stanley,EQ-LDN,MISSING_INT,2026-04-17,9,>5d,1826208.45,10,18262084.5
T106332,2026-04-19,2026-04-28,GOOG,BUY,7640.0,232.31,Goldman Sachs,EQ-HK,2026-04-19,2026-04-28,GOOG,BUY,7640.0,232.31,Goldman Sachs,EQ-HK,DUP,2026-04-19,7,>5d,1774848.4,10,17748484.0
T106332,2026-04-19,2026-04-28,GOOG,BUY,7640.0,232.31,Goldman Sachs,EQ-HK,2026-04-19,2026-04-28,GOOG,BUY,7640.0,232.31,Goldman Sachs,EQ-HK,DUP,2026-04-19,7,>5d,1774848.4,10,17748484.0
T109043,2026-04-17,2026-04-28,AAPL,BUY,6051.0,289.97,UBS,EQ-NY,2026-04-17,2026-04-28,AAPL,BUY,6051.0,289.97,UBS,EQ-NY,DUP,2026-04-17,9,>5d,1754608.47,10,17546084.7
T109043,2026-04-17,2026-04-28,AAPL,BUY,6051.0,289.97,UBS,EQ-NY,2026-04-17,2026-04-28,AAPL,BUY,6051.0,289.97,UBS,EQ-NY,DUP,2026-04-17,9,>5d,1754608.47,10,17546084.7
T104925,2026-04-20,2026-04-27,MSFT,BUY,5946.0,291.45,Citi,EQ-HK,2026-04-20,2026-04-27,MSFT,BUY,5946.0,291.45,Citi,EQ-HK,DUP,2026-04-20,6,>5d,1732961.7,10,17329617.0
T104925,2026-04-20,2026-04-27,MSFT,BUY,5946.0,291.45,Citi,EQ-HK,2026-04-20,2026-04-27,MSFT,BUY,5946.0,291.45,Citi,EQ-HK,DUP,2026-04-20,6,>5d,1732961.7,10,17329617.0
T107206,2026-04-20,2026-04-26,MSFT,BUY,5103.0,332.44,UBS,EQ-LDN,2026-04-20,2026-04-26,MSFT,BUY,5103.0,332.44,UBS,EQ-LDN,DUP,2026-04-20,6,>5d,1696441.32,10,16964413.2
T107206,2026-04-20,2026-04-26,MSFT,BUY,5103.0,332.44,UBS,EQ-LDN,2026-04-20,2026-04-26,MSFT,BUY,5103.0,332.44,UBS,EQ-LDN,DUP,2026-04-20,6,>5d,1696441.32,10,16964413.2
T108154,2026-04-17,2026-04-28,BAC,SELL,4011.0,416.79,Goldman Sachs,EQ-NY,2026-04-17,2026-04-28,BAC,SELL,4011.0,416.79,Goldman Sachs,EQ-NY,DUP,2026-04-17,9,>5d,1671744.69,10,16717446.9
T108154,2026-04-17,2026-04-28,BAC,SELL,4011.0,416.79,Goldman Sachs,EQ-NY,2026-04-17,2026-04-28,BAC,SELL,4011.0,416.79,Goldman Sachs,EQ-NY,DUP,2026-04-17,9,>5d,1671744.69,10,16717446.9
T100693,2026-04-18,2026-04-26,TSLA,BUY,9517.0,168.35,Citi,EQ-NY,2026-04-18,2026-04-26,TSLA,BUY,9517.0,168.35,Citi,EQ-NY,DUP,2026-04-18,8,>5d,1602186.95,10,16021869.5
T100693,2026-04-18,2026-04-26,TSLA,BUY,9517.0,168.35,Citi,EQ-NY,2026-04-18,2026-04-26,TSLA,BUY,9517.0,168.35,Citi,EQ-NY,DUP,2026-04-18,8,>5d,1602186.95,10,16021869.5
T107621,,,,,,,,,2026-04-20,2026-04-27,AAPL,BUY,8274.0,193.13,Citi,EQ-HK,MISSING_INT,2026-04-20,6,>5d,1597957.62,10,15979576.2
T100099,2026-04-19,2026-04-26,JPM,BUY,5318.0,297.35,JP Morgan,EQ-NY,2026-04-19,2026-04-26,JPM,BUY,5318.0,297.35,JP Morgan,EQ-NY,DUP,2026-04-19,7,>5d,1581307.3,10,15813073.0
T100099,2026-04-19,2026-04-26,JPM,BUY,5318.0,297.35,JP Morgan,EQ-NY,2026-04-19,2026-04-26,JPM,BUY,5318.0,297.35,JP Morgan,EQ-NY,DUP,2026-04-19,7,>5d,1581307.3,10,15813073.0
T102421,2026-04-19,2026-04-28,VOD.L,SELL,3927.0,390.34,JP Morgan,EQ-LDN,2026-04-19,2026-04-28,VOD.L,SELL,3927.0,390.34,JP Morgan,EQ-LDN,DUP,2026-04-19,7,>5d,1532865.18,10,15328651.8
T102421,2026-04-19,2026-04-28,VOD.L,SELL,3927.0,390.34,JP Morgan,EQ-LDN,2026-04-19,2026-04-28,VOD.L,SELL,3927.0,390.34,JP Morgan,EQ-LDN,DUP,2026-04-19,7,>5d,1532865.18,10,15328651.8
T108604,,,,,,,,,2026-04-17,2026-04-27,GS,SELL,7728.0,197.07,JP Morgan,EQ-NY,MISSING_INT,2026-04-17,9,>5d,1522956.96,10,15229569.6
T101344,2026-04-20,2026-04-28,TSLA,BUY,4407.0,328.5,JP Morgan,EQ-LDN,,,,,,,,,MISSING_CUST,2026-04-20,6,>5d,1447699.5,10,14476995.0
T105551,2026-04-23,2026-04-27,TSLA,SELL,9717.0,492.57,JP Morgan,EQ-LDN,2026-04-23,2026-04-27,TSLA,SELL,9717.0,492.57,JP Morgan,EQ-LDN,DUP,2026-04-23,3,2-5d,4786302.69,3,14358908.07
T105551,2026-04-23,2026-04-27,TSLA,SELL,9717.0,492.57,JP Morgan,EQ-LDN,2026-04-23,2026-04-27,TSLA,SELL,9717.0,492.57,JP Morgan,EQ-LDN,DUP,2026-04-23,3,2-5d,4786302.69,3,14358908.07
T106841,2026-04-17,2026-04-27,HSBA.L,SELL,7811.0,181.62,Goldman Sachs,EQ-NY,2026-04-17,2026-04-27,HSBA.L,SELL,7811.0,181.62,Goldman Sachs,EQ-NY,DUP,2026-04-17,9,>5d,1418633.82,10,14186338.2
T106841,2026-04-17,2026-04-27,HSBA.L,SELL,7811.0,181.62,Goldman Sachs,EQ-NY,2026-04-17,2026-04-27,HSBA.L,SELL,7811.0,181.62,Goldman Sachs,EQ-NY,DUP,2026-04-17,9,>5d,1418633.82,10,14186338.2
T101785,,,,,,,,,2026-04-22,2026-04-26,AAPL,BUY,9670.0,480.85,Barclays,EQ-NY,MISSING_INT,2026-04-22,4,2-5d,4649819.5,3,13949458.5
T106652,2026-04-18,2026-04-27,VOD.L,SELL,5845.0,233.72,UBS,EQ-NY,2026-04-18,2026-04-27,VOD.L,SELL,5845.0,233.72,UBS,EQ-NY,DUP,2026-04-18,8,>5d,1366093.4,10,13660934.0
T106652,2026-04-18,2026-04-27,VOD.L,SELL,5845.0,233.72,UBS,EQ-NY,2026-04-18,2026-04-27,VOD.L,SELL,5845.0,233.72,UBS,EQ-NY,DUP,2026-04-18,8,>5d,1366093.4,10,13660934.0
T100945,2026-04-20,2026-04-26,AAPL,BUY,8561.0,153.65,Morgan Stanley,EQ-NY,,,,,,,,,MISSING_CUST,2026-04-20,6,>5d,1315397.65,10,13153976.5
T101725,,,,,,,,,2026-04-22,2026-04-28,AAPL,SELL,9647.0,450.55,JP Morgan,EQ-NY,MISSING_INT,2026-04-22,4,2-5d,4346455.85,3,13039367.55
T103054,2026-04-19,2026-04-26,GOOG,BUY,9422.0,136.65,Barclays,EQ-HK,,,,,,,,,MISSING_CUST,2026-04-19,7,>5d,1287516.3,10,12875163.0
T100721,2026-04-19,2026-04-28,TSLA,BUY,2589.0,496.35,JP Morgan,EQ-LDN,,,,,,,,,MISSING_CUST,2026-04-19,7,>5d,1285050.15,10,12850501.5
T106217,2026-04-17,2026-04-27,BAC,BUY,3871.0,324.0,Citi,EQ-NY,2026-04-17,2026-04-27,BAC,BUY,3871.0,324.0,Citi,EQ-NY,DUP,2026-04-17,9,>5d,1254204.0,10,12542040.0
T106217,2026-04-17,2026-04-27,BAC,BUY,3871.0,324.0,Citi,EQ-NY,2026-04-17,2026-04-27,BAC,BUY,3871.0,324.0,Citi,EQ-NY,DUP,2026-04-17,9,>5d,1254204.0,10,12542040.0
T103100,2026-04-23,2026-04-28,TSLA,BUY,9046.0,445.8,Goldman Sachs,EQ-NY,,,,,,,,,MISSING_CUST,2026-04-23,3,2-5d,4032706.8,3,12098120.4
T109484,2026-04-20,2026-04-27,GS,SELL,3167.0,380.37,Morgan Stanley,EQ-LDN,,,,,,,,,MISSING_CUST,2026-04-20,6,>5d,1204631.79,10,12046317.9
T103940,2026-04-17,2026-04-28,BAC,BUY,2671.0,441.63,Goldman Sachs,EQ-NY,2026-04-17,2026-04-28,BAC,BUY,2671.0,441.63,Goldman Sachs,EQ-NY,DUP,2026-04-17,9,>5d,1179593.73,10,11795937.3
T103940,2026-04-17,2026-04-28,BAC,BUY,2671.0,441.63,Goldman Sachs,EQ-NY,2026-04-17,2026-04-28,BAC,BUY,2671.0,441.63,Goldman Sachs,EQ-NY,DUP,2026-04-17,9,>5d,1179593.73,10,11795937.3
T102509,2026-04-23,2026-04-28,TSLA,SELL,8632.0,453.34,JP Morgan,EQ-NY,,,,,,,,,MISSING_CUST,2026-04-23,3,2-5d,3913230.88,3,11739692.64
T104278,2026-04-21,2026-04-26,GOOG,SELL,8672.0,447.85,UBS,EQ-NY,2026-04-21,2026-04-26,GOOG,SELL,8672.0,447.85,UBS,EQ-NY,DUP,2026-04-21,5,2-5d,3883755.2,3,11651265.6
T104278,2026-04-21,2026-04-26,GOOG,SELL,8672.0,447.85,UBS,EQ-NY,2026-04-21,2026-04-26,GOOG,SELL,8672.0,447.85,UBS,EQ-NY,DUP,2026-04-21,5,2-5d,3883755.2,3,11651265.6
T103177,2026-04-20,2026-04-27,MSFT,BUY,7109.0,159.04,Citi,EQ-NY,,,,,,,,,MISSING_CUST,2026-04-20,6,>5d,1130615.36,10,11306153.6
T106149,2026-04-18,2026-04-26,JPM,SELL,3332.0,331.68,Barclays,EQ-NY,,,,,,,,,MISSING_CUST,2026-04-18,8,>5d,1105157.76,10,11051577.6
T106243,,,,,,,,,2026-04-21,2026-04-26,JPM,BUY,9416.0,390.47,Morgan Stanley,EQ-LDN,MISSING_INT,2026-04-21,5,2-5d,3676665.52,3,11029996.56
T100065,2026-04-17,2026-04-26,GS,SELL,4518.0,244.12,Goldman Sachs,EQ-LDN,2026-04-17,2026-04-26,GS,SELL,4518.0,244.12,Goldman Sachs,EQ-LDN,DUP,2026-04-17,9,>5d,1102934.16,10,11029341.6
T100065,2026-04-17,2026-04-26,GS,SELL,4518.0,244.12,Goldman Sachs,EQ-LDN,2026-04-17,2026-04-26,GS,SELL,4518.0,244.12,Goldman Sachs,EQ-LDN,DUP,2026-04-17,9,>5d,1102934.16,10,11029341.6
T102722,2026-04-19,2026-04-26,VOD.L,SELL,4225.0,258.8,Morgan Stanley,EQ-LDN,2026-04-19,2026-04-26,VOD.L,SELL,4225.0,258.8,Morgan Stanley,EQ-LDN,DUP,2026-04-19,7,>5d,1093430.0,10,10934300.0
T102722,2026-04-19,2026-04-26,VOD.L,SELL,4225.0,258.8,Morgan Stanley,EQ-LDN,2026-04-19,2026-04-26,VOD.L,SELL,4225.0,258.8,Morgan Stanley,EQ-LDN,DUP,2026-04-19,7,>5d,1093430.0,10,10934300.0
T105231,,,,,,,,,2026-04-18,2026-04-28,GOOG,SELL,9854.0,109.47,Goldman Sachs,EQ-LDN,MISSING_INT,2026-04-18,8,>5d,1078717.38,10,10787173.8
T104907,2026-04-23,2026-04-27,BAC,SELL,7990.0,449.03,Goldman Sachs,EQ-HK,,,,,,,,,MISSING_CUST,2026-04-23,3,2-5d,3587749.7,3,10763249.1
T109516,,,,,,,,,2026-04-23,2026-04-26,TSLA,SELL,9576.0,372.51,Barclays,EQ-HK,MISSING_INT,2026-04-23,3,2-5d,3567155.76,3,10701467.28
T103827,,,,,,,,,2026-04-24,2026-04-28,AAPL,SELL,9595.0,363.41,UBS,EQ-LDN,MISSING_INT,2026-04-24,2,2-5d,3486918.95,3,10460756.85
T103670,2026-04-22,2026-04-26,VOD.L,SELL,7545.0,460.34,Citi,EQ-HK,2026-04-22,2026-04-26,VOD.L,SELL,7545.0,460.34,Citi,EQ-HK,DUP,2026-04-22,4,2-5d,3473265.3,3,10419795.9
T103670,2026-04-22,2026-04-26,VOD.L,SELL,7545.0,460.34,Citi,EQ-HK,2026-04-22,2026-04-26,VOD.L,SELL,7545.0,460.34,Citi,EQ-HK,DUP,2026-04-22,4,2-5d,3473265.3,3,10419795.9
T109526,,,,,,,,,2026-04-18,2026-04-28,JPM,SELL,6389.0,161.32,JP Morgan,EQ-NY,MISSING_INT,2026-04-18,8,>5d,1030673.48,10,10306734.8
T108200,2026-04-20,2026-04-28,MSFT,BUY,5329.0,192.93,JP Morgan,EQ-NY,2026-04-20,2026-04-28,MSFT,BUY,5329.0,192.93,JP Morgan,EQ-NY,DUP,2026-04-20,6,>5d,1028123.97,10,10281239.7
T108200,2026-04-20,2026-04-28,MSFT,BUY,5329.0,192.93,JP Morgan,EQ-NY,2026-04-20,2026-04-28,MSFT,BUY,5329.0,192.93,JP Morgan,EQ-NY,DUP,2026-04-20,6,>5d,1028123.97,10,10281239.7
T105733,,,,,,,,,2026-04-17,2026-04-27,BAC,BUY,5265.0,190.39,Citi,EQ-LDN,MISSING_INT,2026-04-17,9,>5d,1002403.35,10,10024033.5
T106466,,,,,,,,,2026-04-17,2026-04-27,VOD.L,SELL,5325.0,187.28,JP Morgan,EQ-LDN,MISSING_INT,2026-04-17,9,>5d,997266.0,10,9972660.0
T107495,2026-04-18,2026-04-27,GOOG,BUY,3187.0,312.81,Citi,EQ-HK,2026-04-18,2026-04-27,GOOG,BUY,3187.0,312.81,Citi,EQ-HK,DUP,2026-04-18,8,>5d,996925.47,10,9969254.7
T107495,2026-04-18,2026-04-27,GOOG,BUY,3187.0,312.81,Citi,EQ-HK,2026-04-18,2026-04-27,GOOG,BUY,3187.0,312.81,Citi,EQ-HK,DUP,2026-04-18,8,>5d,996925.47,10,9969254.7
T104728,2026-04-23,2026-04-27,GOOG,SELL,8553.0,388.09,Goldman Sachs,EQ-LDN,2026-04-23,2026-04-27,GOOG,SELL,8553.0,388.09,Goldman Sachs,EQ-LDN,DUP,2026-04-23,3,2-5d,3319333.77,3,9958001.31
T104728,2026-04-23,2026-04-27,GOOG,SELL,8553.0,388.09,Goldman Sachs,EQ-LDN,2026-04-23,2026-04-27,GOOG,SELL,8553.0,388.09,Goldman Sachs,EQ-LDN,DUP,2026-04-23,3,2-5d,3319333.77,3,9958001.31
T109115,2026-04-21,2026-04-26,JPM,SELL,8548.0,381.98,Goldman Sachs,EQ-HK,2026-04-21,2026-04-26,JPM,SELL,8548.0,381.98,Goldman Sachs,EQ-HK,DUP,2026-04-21,5,2-5d,3265165.04,3,9795495.12
T109115,2026-04-21,2026-04-26,JPM,SELL,8548.0,381.98,Goldman Sachs,EQ-HK,2026-04-21,2026-04-26,JPM,SELL,8548.0,381.98,Goldman Sachs,EQ-HK,DUP,2026-04-21,5,2-5d,3265165.04,3,9795495.12
T100922,2026-04-23,2026-04-26,JPM,SELL,8191.0,397.7,Barclays,EQ-HK,,,,,,,,,MISSING_CUST,2026-04-23,3,2-5d,3257560.7,3,9772682.1
T105335,2026-04-18,2026-04-26,GOOG,SELL,2900.0,327.61,Barclays,EQ-LDN,,,,,,,,,MISSING_CUST,2026-04-18,8,>5d,950069.0,10,9500690.0
T109086,,,,,,,,,2026-04-20,2026-04-27,JPM,BUY,2215.0,423.81,UBS,EQ-HK,MISSING_INT,2026-04-20,6,>5d,938739.15,10,9387391.5
T108882,2026-04-20,2026-04-27,VOD.L,BUY,2144.0,436.23,Barclays,EQ-HK,,,,,,,,,MISSING_CUST,2026-04-20,6,>5d,935277.12,10,9352771.2
T103435,2026-04-18,2026-04-28,JPM,BUY,3955.0,228.73,JP Morgan,EQ-LDN,,,,,,,,,MISSING_CUST,2026-04-18,8,>5d,904627.15,10,9046271.5
T105304,,,,,,,,,2026-04-17,2026-04-28,GOOG,BUY,6532.0,134.94,Barclays,EQ-HK,MISSING_INT,2026-04-17,9,>5d,881428.08,10,8814280.8
T108681,,,,,,,,,2026-04-21,2026-04-27,VOD.L,BUY,8655.0,330.9,Barclays,EQ-LDN,MISSING_INT,2026-04-21,5,2-5d,2863939.5,3,8591818.5
T103962,,,,,,,,,2026-04-17,2026-04-28,JPM,BUY,2935.0,292.35,JP Morgan,EQ-HK,MISSING_INT,2026-04-17,9,>5d,858047.25,10,8580472.5
T107565,2026-04-24,2026-04-28,JPM,BUY,6262.0,449.22,JP Morgan,EQ-HK,2026-04-24,2026-04-28,JPM,BUY,6262.0,449.22,JP Morgan,EQ-HK,DUP,2026-04-24,2,2-5d,2813015.64,3,8439046.92
T107565,2026-04-24,2026-04-28,JPM,BUY,6262.0,449.22,JP Morgan,EQ-HK,2026-04-24,2026-04-28,JPM,BUY,6262.0,449.22,JP Morgan,EQ-HK,DUP,2026-04-24,2,2-5d,2813015.64,3,8439046.92
T100574,,,,,,,,,2026-04-18,2026-04-28,JPM,SELL,1802.0,467.1,Morgan Stanley,EQ-NY,MISSING_INT,2026-04-18,8,>5d,841714.2,10,8417142.0
T100131,,,,,,,,,2026-04-20,2026-04-28,BAC,BUY,2136.0,393.53,Citi,EQ-NY,MISSING_INT,2026-04-20,6,>5d,840580.08,10,8405800.8
T108619,2026-04-18,2026-04-27,TSLA,BUY,2027.0,413.17,Goldman Sachs,EQ-HK,2026-04-18,2026-04-27,TSLA,BUY,2027.0,413.17,Goldman Sachs,EQ-HK,DUP,2026-04-18,8,>5d,837495.59,10,8374955.9
T108619,2026-04-18,2026-04-27,TSLA,BUY,2027.0,413.17,Goldman Sachs,EQ-HK,2026-04-18,2026-04-27,TSLA,BUY,2027.0,413.17,Goldman Sachs,EQ-HK,DUP,2026-04-18,8,>5d,837495.59,10,8374955.9
T104433,2026-04-22,2026-04-27,AAPL,BUY,7251.0,382.07,Barclays,EQ-LDN,,,,,,,,,MISSING_CUST,2026-04-22,4,2-5d,2770389.57,3,8311168.71
T109588,2026-04-24,2026-04-28,HSBA.L,BUY,5653.0,485.94,Morgan Stanley,EQ-NY,,,,,,,,,MISSING_CUST,2026-04-24,2,2-5d,2747018.82,3,8241056.46
T105209,2026-04-19,2026-04-26,MSFT,BUY,1807.0,450.63,Citi,EQ-HK,,,,,,,,,MISSING_CUST,2026-04-19,7,>5d,814288.41,10,8142884.1
T101045,2026-04-21,2026-04-26,VOD.L,SELL,8928.0,300.25,Goldman Sachs,EQ-HK,2026-04-21,2026-04-26,VOD.L,SELL,8928.0,300.25,Goldman Sachs,EQ-HK,DUP,2026-04-21,5,2-5d,2680632.0,3,8041896.0
T101045,2026-04-21,2026-04-26,VOD.L,SELL,8928.0,300.25,Goldman Sachs,EQ-HK,2026-04-21,2026-04-26,VOD.L,SELL,8928.0,300.25,Goldman Sachs,EQ-HK,DUP,2026-04-21,5,2-5d,2680632.0,3,8041896.0
T103937,2026-04-18,2026-04-26,GOOG,SELL,7426.0,107.14,JP Morgan,EQ-LDN,2026-04-18,2026-04-26,GOOG,SELL,7426.0,107.14,JP Morgan,EQ-LDN,DUP,2026-04-18,8,>5d,795621.64,10,7956216.4
T103937,2026-04-18,2026-04-26,GOOG,SELL,7426.0,107.14,JP Morgan,EQ-LDN,2026-04-18,2026-04-26,GOOG,SELL,7426.0,107.14,JP Morgan,EQ-LDN,DUP,2026-04-18,8,>5d,795621.64,10,7956216.4
T101696,2026-04-18,2026-04-28,MSFT,BUY,2217.0,355.99,UBS,EQ-NY,,,,,,,,,MISSING_CUST,2026-04-18,8,>5d,789229.83,10,7892298.3
T101137,,,,,,,,,2026-04-20,2026-04-28,AAPL,BUY,4868.0,159.4,UBS,EQ-NY,MISSING_INT,2026-04-20,6,>5d,775959.2,10,7759592.0
T107600,2026-04-23,2026-04-28,AMZN,SELL,6295.0,405.82,JP Morgan,EQ-LDN,2026-04-23,2026-04-28,AMZN,SELL,6295.0,405.82,JP Morgan,EQ-LDN,DUP,2026-04-23,3,2-5d,2554636.9,3,7663910.7
T107600,2026-04-23,2026-04-28,AMZN,SELL,6295.0,405.82,JP Morgan,EQ-LDN,2026-04-23,2026-04-28,AMZN,SELL,6295.0,405.82,JP Morgan,EQ-LDN,DUP,2026-04-23,3,2-5d,2554636.9,3,7663910.7
T105265,2026-04-23,2026-04-26,AAPL,BUY,5438.0,464.64,UBS,EQ-NY,2026-04-23,2026-04-26,AAPL,BUY,5438.0,464.64,UBS,EQ-NY,DUP,2026-04-23,3,2-5d,2526712.32,3,7580136.96
T105265,2026-04-23,2026-04-26,AAPL,BUY,5438.0,464.64,UBS,EQ-NY,2026-04-23,2026-04-26,AAPL,BUY,5438.0,464.64,UBS,EQ-NY,DUP,2026-04-23,3,2-5d,2526712.32,3,7580136.96
T101790,2026-04-23,2026-04-28,HSBA.L,SELL,5953.0,423.66,Goldman Sachs,EQ-NY,2026-04-23,2026-04-28,HSBA.L,SELL,5953.0,423.66,Goldman Sachs,EQ-NY,DUP,2026-04-23,3,2-5d,2522047.98,3,7566143.94
T101790,2026-04-23,2026-04-28,HSBA.L,SELL,5953.0,423.66,Goldman Sachs,EQ-NY,2026-04-23,2026-04-28,HSBA.L,SELL,5953.0,423.66,Goldman Sachs,EQ-NY,DUP,2026-04-23,3,2-5d,2522047.98,3,7566143.94
T107528,2026-04-18,2026-04-28,GOOG,SELL,3025.0,246.07,UBS,EQ-HK,,,,,,,,,MISSING_CUST,2026-04-18,8,>5d,744361.75,10,7443617.5
T108284,,,,,,,,,2026-04-21,2026-04-26,GOOG,BUY,5712.0,429.59,Barclays,EQ-NY,MISSING_INT,2026-04-21,5,2-5d,2453818.08,3,7361454.24
T109649,2026-04-23,2026-04-26,TSLA,BUY,5452.0,445.27,Morgan Stanley,EQ-HK,,,,,,,,,MISSING_CUST,2026-04-23,3,2-5d,2427612.04,3,7282836.12
T106282,2026-04-20,2026-04-26,AAPL,BUY,2778.0,260.8,UBS,EQ-LDN,2026-04-20,2026-04-26,AAPL,BUY,2778.0,260.8,UBS,EQ-LDN,DUP,2026-04-20,6,>5d,724502.4,10,7245024.0
T106282,2026-04-20,2026-04-26,AAPL,BUY,2778.0,260.8,UBS,EQ-LDN,2026-04-20,2026-04-26,AAPL,BUY,2778.0,260.8,UBS,EQ-LDN,DUP,2026-04-20,6,>5d,724502.4,10,7245024.0
T104080,2026-04-20,2026-04-28,BAC,SELL,6741.0,106.43,Citi,EQ-LDN,,,,,,,,,MISSING_CUST,2026-04-20,6,>5d,717444.63,10,7174446.3
T101644,2026-04-23,2026-04-26,BAC,SELL,9300.0,249.67,JP Morgan,EQ-NY,,,,,,,,,MISSING_CUST,2026-04-23,3,2-5d,2321931.0,3,6965793.0
T101987,,,,,,,,,2026-04-22,2026-04-28,GS,SELL,5951.0,387.56,Goldman Sachs,EQ-NY,MISSING_INT,2026-04-22,4,2-5d,2306369.56,3,6919108.68
T105371,2026-04-23,2026-04-26,HSBA.L,SELL,9018.0,254.29,Citi,EQ-HK,2026-04-23,2026-04-26,HSBA.L,SELL,9018.0,254.29,Citi,EQ-HK,DUP,2026-04-23,3,2-5d,2293187.22,3,6879561.66
T105371,2026-04-23,2026-04-26,HSBA.L,SELL,9018.0,254.29,Citi,EQ-HK,2026-04-23,2026-04-26,HSBA.L,SELL,9018.0,254.29,Citi,EQ-HK,DUP,2026-04-23,3,2-5d,2293187.22,3,6879561.66
T108841,,,,,,,,,2026-04-23,2026-04-27,TSLA,BUY,8008.0,284.04,Goldman Sachs,EQ-HK,MISSING_INT,2026-04-23,3,2-5d,2274592.32,3,6823776.96
T104195,2026-04-18,2026-04-27,TSLA,BUY,4328.0,154.52,UBS,EQ-NY,,,,,,,,,MISSING_CUST,2026-04-18,8,>5d,668762.56,10,6687625.6
T103828,2026-04-21,2026-04-27,AMZN,SELL,8287.0,266.93,UBS,EQ-NY,2026-04-21,2026-04-27,AMZN,SELL,8287.0,266.93,UBS,EQ-NY,DUP,2026-04-21,5,2-5d,2212048.91,3,6636146.73
T103828,2026-04-21,2026-04-27,AMZN,SELL,8287.0,266.93,UBS,EQ-NY,2026-04-21,2026-04-27,AMZN,SELL,8287.0,266.93,UBS,EQ-NY,DUP,2026-04-21,5,2-5d,2212048.91,3,6636146.73
T104119,2026-04-21,2026-04-27,GS,BUY,4735.0,462.18,Morgan Stanley,EQ-HK,,,,,,,,,MISSING_CUST,2026-04-21,5,2-5d,2188422.3,3,6565266.9
T100304,,,,,,,,,2026-04-24,2026-04-27,MSFT,BUY,8262.0,263.36,UBS,EQ-NY,MISSING_INT,2026-04-24,2,2-5d,2175880.32,3,6527640.96
T108699,2026-04-22,2026-04-28,GS,BUY,6642.0,318.25,JP Morgan,EQ-NY,,,,,,,,,MISSING_CUST,2026-04-22,4,2-5d,2113816.5,3,6341449.5
T103633,,,,,,,,,2026-04-22,2026-04-28,AAPL,BUY,4759.0,436.04,Goldman Sachs,EQ-HK,MISSING_INT,2026-04-22,4,2-5d,2075114.36,3,6225343.08
T106839,2026-04-24,2026-04-28,HSBA.L,BUY,7056.0,287.87,JP Morgan,EQ-LDN,2026-04-24,2026-04-28,HSBA.L,BUY,7056.0,287.87,JP Morgan,EQ-LDN,DUP,2026-04-24,2,2-5d,2031210.72,3,6093632.16
T106839,2026-04-24,2026-04-28,HSBA.L,BUY,7056.0,287.87,JP Morgan,EQ-LDN,2026-04-24,2026-04-28,HSBA.L,BUY,7056.0,287.87,JP Morgan,EQ-LDN,DUP,2026-04-24,2,2-5d,2031210.72,3,6093632.16
T103006,2026-04-23,2026-04-28,VOD.L,BUY,8645.0,233.98,Morgan Stanley,EQ-HK,2026-04-23,2026-04-28,VOD.L,BUY,8645.0,233.98,Morgan Stanley,EQ-HK,DUP,2026-04-23,3,2-5d,2022757.1,3,6068271.3
T103006,2026-04-23,2026-04-28,VOD.L,BUY,8645.0,233.98,Morgan Stanley,EQ-HK,2026-04-23,2026-04-28,VOD.L,BUY,8645.0,233.98,Morgan Stanley,EQ-HK,DUP,2026-04-23,3,2-5d,2022757.1,3,6068271.3
T105249,,,,,,,,,2026-04-24,2026-04-26,HSBA.L,BUY,4952.0,401.67,Citi,EQ-HK,MISSING_INT,2026-04-24,2,2-5d,1989069.84,3,5967209.52
T107262,2026-04-24,2026-04-28,AMZN,SELL,4906.0,395.33,Citi,EQ-HK,2026-04-24,2026-04-28,AMZN,SELL,4906.0,395.33,Citi,EQ-HK,DUP,2026-04-24,2,2-5d,1939488.98,3,5818466.94
T107262,2026-04-24,2026-04-28,AMZN,SELL,4906.0,395.33,Citi,EQ-HK,2026-04-24,2026-04-28,AMZN,SELL,4906.0,395.33,Citi,EQ-HK,DUP,2026-04-24,2,2-5d,1939488.98,3,5818466.94
T104812,,,,,,,,,2026-04-21,2026-04-27,GOOG,SELL,5056.0,383.54,JP Morgan,EQ-HK,MISSING_INT,2026-04-21,5,2-5d,1939178.24,3,5817534.72
T103746,,,,,,,,,2026-04-18,2026-04-28,VOD.L,BUY,5008.0,114.99,UBS,EQ-LDN,MISSING_INT,2026-04-18,8,>5d,575869.92,10,5758699.2
T108070,2026-04-21,2026-04-28,GOOG,SELL,6022.0,317.66,Morgan Stanley,EQ-NY,2026-04-21,2026-04-28,GOOG,SELL,6022.0,317.66,Morgan Stanley,EQ-NY,DUP,2026-04-21,5,2-5d,1912948.52,3,5738845.56
T108070,2026-04-21,2026-04-28,GOOG,SELL,6022.0,317.66,Morgan Stanley,EQ-NY,2026-04-21,2026-04-28,GOOG,SELL,6022.0,317.66,Morgan Stanley,EQ-NY,DUP,2026-04-21,5,2-5d,1912948.52,3,5738845.56
T103753,,,,,,,,,2026-04-24,2026-04-26,GOOG,SELL,5251.0,363.14,Citi,EQ-HK,MISSING_INT,2026-04-24,2,2-5d,1906848.14,3,5720544.42
T101867,2026-04-18,2026-04-27,HSBA.L,SELL,2103.0,268.56,Morgan Stanley,EQ-HK,2026-04-18,2026-04-27,HSBA.L,SELL,2103.0,268.56,Morgan Stanley,EQ-HK,DUP,2026-04-18,8,>5d,564781.68,10,5647816.8
T101867,2026-04-18,2026-04-27,HSBA.L,SELL,2103.0,268.56,Morgan Stanley,EQ-HK,2026-04-18,2026-04-27,HSBA.L,SELL,2103.0,268.56,Morgan Stanley,EQ-HK,DUP,2026-04-18,8,>5d,564781.68,10,5647816.8
T106194,2026-04-18,2026-04-28,GS,BUY,1489.0,379.03,JP Morgan,EQ-LDN,,,,,,,,,MISSING_CUST,2026-04-18,8,>5d,564375.67,10,5643756.7
T106918,2026-04-20,2026-04-26,BAC,BUY,1725.0,326.91,Goldman Sachs,EQ-HK,,,,,,,,,MISSING_CUST,2026-04-20,6,>5d,563919.75,10,5639197.5
T100660,2026-04-22,2026-04-26,GOOG,SELL,5909.0,317.35,Morgan Stanley,EQ-NY,2026-04-22,2026-04-26,GOOG,SELL,5909.0,317.35,Morgan Stanley,EQ-NY,DUP,2026-04-22,4,2-5d,1875221.15,3,5625663.45
T100660,2026-04-22,2026-04-26,GOOG,SELL,5909.0,317.35,Morgan Stanley,EQ-NY,2026-04-22,2026-04-26,GOOG,SELL,5909.0,317.35,Morgan Stanley,EQ-NY,DUP,2026-04-22,4,2-5d,1875221.15,3,5625663.45
T103893,,,,,,,,,2026-04-18,2026-04-26,BAC,SELL,7108.0,78.86,UBS,EQ-NY,MISSING_INT,2026-04-18,8,>5d,560536.88,10,5605368.8
T100946,2026-04-24,2026-04-28,HSBA.L,SELL,4927.0,376.65,Barclays,EQ-LDN,2026-04-24,2026-04-28,HSBA.L,SELL,4927.0,376.65,Barclays,EQ-LDN,DUP,2026-04-24,2,2-5d,1855754.55,3,5567263.65
T100946,2026-04-24,2026-04-28,HSBA.L,SELL,4927.0,376.65,Barclays,EQ-LDN,2026-04-24,2026-04-28,HSBA.L,SELL,4927.0,376.65,Barclays,EQ-LDN,DUP,2026-04-24,2,2-5d,1855754.55,3,5567263.65
T107979,2026-04-23,2026-04-27,BAC,BUY,4877.0,374.0,JP Morgan,EQ-NY,,,,,,,,,MISSING_CUST,2026-04-23,3,2-5d,1823998.0,3,5471994.0
T105851,,,,,,,,,2026-04-21,2026-04-27,BAC,SELL,3625.0,492.1,Barclays,EQ-LDN,MISSING_INT,2026-04-21,5,2-5d,1783862.5,3,5351587.5
T101255,2026-04-22,2026-04-28,TSLA,BUY,7481.0,238.14,Citi,EQ-NY,,,,,,,,,MISSING_CUST,2026-04-22,4,2-5d,1781525.34,3,5344576.02
T100591,2026-04-23,2026-04-26,HSBA.L,BUY,3978.0,437.1,Barclays,EQ-HK,2026-04-23,2026-04-26,HSBA.L,BUY,3978.0,437.1,Barclays,EQ-HK,DUP,2026-04-23,3,2-5d,1738783.8,3,5216351.4
T100591,2026-04-23,2026-04-26,HSBA.L,BUY,3978.0,437.1,Barclays,EQ-HK,2026-04-23,2026-04-26,HSBA.L,BUY,3978.0,437.1,Barclays,EQ-HK,DUP,2026-04-23,3,2-5d,1738783.8,3,5216351.4
T104626,2026-04-24,2026-04-28,AAPL,SELL,6712.0,255.63,Citi,EQ-NY,2026-04-24,2026-04-28,AAPL,SELL,6712.0,255.63,Citi,EQ-NY,DUP,2026-04-24,2,2-5d,1715788.56,3,5147365.68
T104626,2026-04-24,2026-04-28,AAPL,SELL,6712.0,255.63,Citi,EQ-NY,2026-04-24,2026-04-28,AAPL,SELL,6712.0,255.63,Citi,EQ-NY,DUP,2026-04-24,2,2-5d,1715788.56,3,5147365.68
T106108,2026-04-21,2026-04-27,HSBA.L,SELL,4638.0,369.67,Morgan Stanley,EQ-NY,,,,,,,,,MISSING_CUST,2026-04-21,5,2-5d,1714529.46,3,5143588.38
T101775,2026-04-18,2026-04-28,MSFT,BUY,1276.0,402.08,Morgan Stanley,EQ-LDN,,,,,,,,,MISSING_CUST,2026-04-18,8,>5d,513054.08,10,5130540.8
T105210,2026-04-21,2026-04-28,MSFT,SELL,6815.0,239.77,UBS,EQ-NY,,,,,,,,,MISSING_CUST,2026-04-21,5,2-5d,1634032.55,3,4902097.65
T103579,,,,,,,,,2026-04-24,2026-04-26,VOD.L,BUY,6221.0,254.52,Morgan Stanley,EQ-HK,MISSING_INT,2026-04-24,2,2-5d,1583368.92,3,4750106.76
T103341,2026-04-24,2026-04-28,JPM,BUY,4422.0,347.47,UBS,EQ-NY,2026-04-24,2026-04-28,JPM,BUY,4422.0,347.47,UBS,EQ-NY,DUP,2026-04-24,2,2-5d,1536512.34,3,4609537.02
T103341,2026-04-24,2026-04-28,JPM,BUY,4422.0,347.47,UBS,EQ-NY,2026-04-24,2026-04-28,JPM,BUY,4422.0,347.47,UBS,EQ-NY,DUP,2026-04-24,2,2-5d,1536512.34,3,4609537.02
T103460,2026-04-18,2026-04-26,AAPL,SELL,2129.0,216.43,Barclays,EQ-NY,,,,,,,,,MISSING_CUST,2026-04-18,8,>5d,460779.47,10,4607794.7
T107525,2026-04-18,2026-04-26,GOOG,BUY,1084.0,421.86,Citi,EQ-HK,,,,,,,,,MISSING_CUST,2026-04-18,8,>5d,457296.24,10,4572962.4
T100355,2026-04-21,2026-04-28,AMZN,BUY,4335.0,347.56,Barclays,EQ-LDN,,,,,,,,,MISSING_CUST,2026-04-21,5,2-5d,1506672.6,3,4520017.8
T108637,2026-04-19,2026-04-26,TSLA,SELL,9848.0,455.14,Citi,EQ-LDN,2026-04-19,2026-04-26,TSLA,SELL,10832.0,455.14,Citi,EQ-LDN,QTY_DIFF,2026-04-19,7,>5d,447857.76,10,4478577.6
T101582,,,,,,,,,2026-04-21,2026-04-26,AAPL,SELL,5546.0,266.73,Barclays,EQ-NY,MISSING_INT,2026-04-21,5,2-5d,1479284.58,3,4437853.74
T108843,2026-04-22,2026-04-26,GOOG,SELL,4559.0,320.61,Citi,EQ-NY,,,,,,,,,MISSING_CUST,2026-04-22,4,2-5d,1461660.99,3,4384982.97
T107631,2026-04-21,2026-04-27,AAPL,BUY,2890.0,487.48,JP Morgan,EQ-HK,2026-04-21,2026-04-27,AAPL,BUY,2890.0,487.48,JP Morgan,EQ-HK,DUP,2026-04-21,5,2-5d,1408817.2,3,4226451.6
T107631,2026-04-21,2026-04-27,AAPL,BUY,2890.0,487.48,JP Morgan,EQ-HK,2026-04-21,2026-04-27,AAPL,BUY,2890.0,487.48,JP Morgan,EQ-HK,DUP,2026-04-21,5,2-5d,1408817.2,3,4226451.6
T104627,,,,,,,,,2026-04-21,2026-04-28,AMZN,SELL,5068.0,272.12,Citi,EQ-NY,MISSING_INT,2026-04-21,5,2-5d,1379104.16,3,4137312.48
T106286,,,,,,,,,2026-04-17,2026-04-27,JPM,SELL,4702.0,87.88,Goldman Sachs,EQ-LDN,MISSING_INT,2026-04-17,9,>5d,413211.76,10,4132117.6
T100791,,,,,,,,,2026-04-21,2026-04-28,GS,SELL,5649.0,242.81,Citi,EQ-LDN,MISSING_INT,2026-04-21,5,2-5d,1371633.69,3,4114901.07
T103742,2026-04-20,2026-04-28,VOD.L,SELL,1334.0,306.75,Barclays,EQ-HK,,,,,,,,,MISSING_CUST,2026-04-20,6,>5d,409204.5,10,4092045.0
T101962,2026-04-22,2026-04-26,JPM,SELL,3806.0,357.58,Citi,EQ-NY,2026-04-22,2026-04-26,JPM,SELL,3806.0,357.58,Citi,EQ-NY,DUP,2026-04-22,4,2-5d,1360949.48,3,4082848.44
T101962,2026-04-22,2026-04-26,JPM,SELL,3806.0,357.58,Citi,EQ-NY,2026-04-22,2026-04-26,JPM,SELL,3806.0,357.58,Citi,EQ-NY,DUP,2026-04-22,4,2-5d,1360949.48,3,4082848.44
T105422,2026-04-23,2026-04-26,GS,SELL,3066.0,442.73,Morgan Stanley,EQ-LDN,2026-04-23,2026-04-26,GS,SELL,3066.0,442.73,Morgan Stanley,EQ-LDN,DUP,2026-04-23,3,2-5d,1357410.18,3,4072230.54
T105422,2026-04-23,2026-04-26,GS,SELL,3066.0,442.73,Morgan Stanley,EQ-LDN,2026-04-23,2026-04-26,GS,SELL,3066.0,442.73,Morgan Stanley,EQ-LDN,DUP,2026-04-23,3,2-5d,1357410.18,3,4072230.54
T107209,2026-04-17,2026-04-27,AMZN,SELL,6353.0,63.67,Citi,EQ-HK,2026-04-17,2026-04-27,AMZN,SELL,6353.0,63.67,Citi,EQ-HK,DUP,2026-04-17,9,>5d,404495.51,10,4044955.1
T107209,2026-04-17,2026-04-27,AMZN,SELL,6353.0,63.67,Citi,EQ-HK,2026-04-17,2026-04-27,AMZN,SELL,6353.0,63.67,Citi,EQ-HK,DUP,2026-04-17,9,>5d,404495.51,10,4044955.1
T109519,2026-04-24,2026-04-28,MSFT,SELL,7015.0,192.11,JP Morgan,EQ-LDN,,,,,,,,,MISSING_CUST,2026-04-24,2,2-5d,1347651.65,3,4042954.95
T106321,,,,,,,,,2026-04-19,2026-04-26,BAC,BUY,1284.0,311.13,Goldman Sachs,EQ-LDN,MISSING_INT,2026-04-19,7,>5d,399490.92,10,3994909.2
T106758,,,,,,,,,2026-04-25,2026-04-27,AAPL,BUY,9743.0,407.19,UBS,EQ-NY,MISSING_INT,2026-04-25,1,0-1d,3967252.17,1,3967252.17
T102612,2026-04-24,2026-04-28,JPM,BUY,7497.0,175.17,Goldman Sachs,EQ-HK,,,,,,,,,MISSING_CUST,2026-04-24,2,2-5d,1313249.49,3,3939748.47
T108275,2026-04-19,2026-04-28,TSLA,SELL,925.0,422.41,Morgan Stanley,EQ-HK,,,,,,,,,MISSING_CUST,2026-04-19,7,>5d,390729.25,10,3907292.5
T102085,2026-04-23,2026-04-28,HSBA.L,BUY,3764.0,335.82,Citi,EQ-HK,,,,,,,,,MISSING_CUST,2026-04-23,3,2-5d,1264026.48,3,3792079.44
T108500,2026-04-17,2026-04-27,JPM,BUY,8286.0,454.47,Barclays,EQ-HK,2026-04-17,2026-04-27,JPM,BUY,9114.0,454.47,Barclays,EQ-HK,QTY_DIFF,2026-04-17,9,>5d,376301.16,10,3763011.6
T107934,,,,,,,,,2026-04-25,2026-04-26,JPM,SELL,8326.0,451.09,Barclays,EQ-LDN,MISSING_INT,2026-04-25,1,0-1d,3755775.34,1,3755775.34
T109084,2026-04-24,2026-04-27,MSFT,BUY,3291.0,379.74,JP Morgan,EQ-LDN,,,,,,,,,MISSING_CUST,2026-04-24,2,2-5d,1249724.34,3,3749173.02
T105310,2026-04-24,2026-04-28,JPM,BUY,8028.0,155.62,Barclays,EQ-HK,,,,,,,,,MISSING_CUST,2026-04-24,2,2-5d,1249317.36,3,3747952.08
T101791,2026-04-22,2026-04-28,MSFT,SELL,3872.0,322.2,Morgan Stanley,EQ-LDN,,,,,,,,,MISSING_CUST,2026-04-22,4,2-5d,1247558.4,3,3742675.2
T108021,,,,,,,,,2026-04-22,2026-04-28,TSLA,BUY,5452.0,225.83,JP Morgan,EQ-HK,MISSING_INT,2026-04-22,4,2-5d,1231225.16,3,3693675.48
T105233,,,,,,,,,2026-04-23,2026-04-27,VOD.L,SELL,5951.0,205.27,JP Morgan,EQ-HK,MISSING_INT,2026-04-23,3,2-5d,1221561.77,3,3664685.31
T105114,,,,,,,,,2026-04-23,2026-04-28,AAPL,SELL,9274.0,130.75,Citi,EQ-LDN,MISSING_INT,2026-04-23,3,2-5d,1212575.5,3,3637726.5
T101586,2026-04-19,2026-04-26,AAPL,BUY,1410.0,256.56,UBS,EQ-NY,2026-04-19,2026-04-26,AAPL,BUY,1410.0,256.56,UBS,EQ-NY,DUP,2026-04-19,7,>5d,361749.6,10,3617496.0
T101586,2026-04-19,2026-04-26,AAPL,BUY,1410.0,256.56,UBS,EQ-NY,2026-04-19,2026-04-26,AAPL,BUY,1410.0,256.56,UBS,EQ-NY,DUP,2026-04-19,7,>5d,361749.6,10,3617496.0
T104374,2026-04-23,2026-04-27,TSLA,SELL,6313.0,188.88,JP Morgan,EQ-NY,2026-04-23,2026-04-27,TSLA,SELL,6313.0,188.88,JP Morgan,EQ-NY,DUP,2026-04-23,3,2-5d,1192399.44,3,3577198.32
T104374,2026-04-23,2026-04-27,TSLA,SELL,6313.0,188.88,JP Morgan,EQ-NY,2026-04-23,2026-04-27,TSLA,SELL,6313.0,188.88,JP Morgan,EQ-NY,DUP,2026-04-23,3,2-5d,1192399.44,3,3577198.32
T104176,2026-04-23,2026-04-27,AMZN,BUY,4259.0,276.49,Goldman Sachs,EQ-HK,,,,,,,,,MISSING_CUST,2026-04-23,3,2-5d,1177570.91,3,3532712.73
T106078,2026-04-25,2026-04-28,GOOG,BUY,9538.0,369.15,Citi,EQ-HK,2026-04-25,2026-04-28,GOOG,BUY,9538.0,369.15,Citi,EQ-HK,DUP,2026-04-25,1,0-1d,3520952.7,1,3520952.7
T106078,2026-04-25,2026-04-28,GOOG,BUY,9538.0,369.15,Citi,EQ-HK,2026-04-25,2026-04-28,GOOG,BUY,9538.0,369.15,Citi,EQ-HK,DUP,2026-04-25,1,0-1d,3520952.7,1,3520952.7
T109433,,,,,,,,,2026-04-20,2026-04-26,AAPL,BUY,5965.0,58.25,JP Morgan,EQ-NY,MISSING_INT,2026-04-20,6,>5d,347461.25,10,3474612.5
T103719,2026-04-18,2026-04-28,AAPL,SELL,1681.0,206.61,Barclays,EQ-LDN,,,,,,,,,MISSING_CUST,2026-04-18,8,>5d,347311.41,10,3473114.1
T109860,2026-04-25,2026-04-28,GS,BUY,7557.0,458.89,UBS,EQ-HK,2026-04-25,2026-04-28,GS,BUY,7557.0,458.89,UBS,EQ-HK,DUP,2026-04-25,1,0-1d,3467831.73,1,3467831.73
T109860,2026-04-25,2026-04-28,GS,BUY,7557.0,458.89,UBS,EQ-HK,2026-04-25,2026-04-28,GS,BUY,7557.0,458.89,UBS,EQ-HK,DUP,2026-04-25,1,0-1d,3467831.73,1,3467831.73
T101945,2026-04-20,2026-04-27,GS,BUY,2081.0,163.85,Morgan Stanley,EQ-HK,2026-04-20,2026-04-27,GS,BUY,2081.0,163.85,Morgan Stanley,EQ-HK,DUP,2026-04-20,6,>5d,340971.85,10,3409718.5
T101945,2026-04-20,2026-04-27,GS,BUY,2081.0,163.85,Morgan Stanley,EQ-HK,2026-04-20,2026-04-27,GS,BUY,2081.0,163.85,Morgan Stanley,EQ-HK,DUP,2026-04-20,6,>5d,340971.85,10,3409718.5
T101847,2026-04-18,2026-04-27,GOOG,BUY,4110.0,82.91,Barclays,EQ-NY,,,,,,,,,MISSING_CUST,2026-04-18,8,>5d,340760.1,10,3407601.0
T101373,2026-04-19,2026-04-27,MSFT,BUY,3741.0,90.7,Morgan Stanley,EQ-LDN,2026-04-19,2026-04-27,MSFT,BUY,3741.0,90.7,Morgan Stanley,EQ-LDN,DUP,2026-04-19,7,>5d,339308.7,10,3393087.0
T101373,2026-04-19,2026-04-27,MSFT,BUY,3741.0,90.7,Morgan Stanley,EQ-LDN,2026-04-19,2026-04-27,MSFT,BUY,3741.0,90.7,Morgan Stanley,EQ-LDN,DUP,2026-04-19,7,>5d,339308.7,10,3393087.0
T101545,2026-04-21,2026-04-26,HSBA.L,SELL,7208.0,155.63,UBS,EQ-LDN,,,,,,,,,MISSING_CUST,2026-04-21,5,2-5d,1121781.04,3,3365343.12
T106818,2026-04-25,2026-04-26,GS,BUY,6776.0,493.59,JP Morgan,EQ-HK,2026-04-25,2026-04-26,GS,BUY,6776.0,493.59,JP Morgan,EQ-HK,DUP,2026-04-25,1,0-1d,3344565.84,1,3344565.84
T106818,2026-04-25,2026-04-26,GS,BUY,6776.0,493.59,JP Morgan,EQ-HK,2026-04-25,2026-04-26,GS,BUY,6776.0,493.59,JP Morgan,EQ-HK,DUP,2026-04-25,1,0-1d,3344565.84,1,3344565.84
T100520,2026-04-23,2026-04-27,VOD.L,SELL,5096.0,218.73,JP Morgan,EQ-NY,2026-04-23,2026-04-27,VOD.L,SELL,5096.0,218.73,JP Morgan,EQ-NY,DUP,2026-04-23,3,2-5d,1114648.08,3,3343944.24
T100520,2026-04-23,2026-04-27,VOD.L,SELL,5096.0,218.73,JP Morgan,EQ-NY,2026-04-23,2026-04-27,VOD.L,SELL,5096.0,218.73,JP Morgan,EQ-NY,DUP,2026-04-23,3,2-5d,1114648.08,3,3343944.24
T100764,2026-04-17,2026-04-26,TSLA,BUY,9301.0,359.02,Barclays,EQ-HK,2026-04-17,2026-04-26,TSLA,BUY,10231.0,359.02,Barclays,EQ-HK,QTY_DIFF,2026-04-17,9,>5d,333888.6,10,3338886.0
T108539,2026-04-25,2026-04-26,VOD.L,BUY,8773.0,373.09,Goldman Sachs,EQ-HK,2026-04-25,2026-04-26,VOD.L,BUY,8773.0,373.09,Goldman Sachs,EQ-HK,DUP,2026-04-25,1,0-1d,3273118.57,1,3273118.57
T108539,2026-04-25,2026-04-26,VOD.L,BUY,8773.0,373.09,Goldman Sachs,EQ-HK,2026-04-25,2026-04-26,VOD.L,BUY,8773.0,373.09,Goldman Sachs,EQ-HK,DUP,2026-04-25,1,0-1d,3273118.57,1,3273118.57
T107605,,,,,,,,,2026-04-17,2026-04-26,AAPL,BUY,3298.0,98.83,UBS,EQ-HK,MISSING_INT,2026-04-17,9,>5d,325941.34,10,3259413.4
T107319,,,,,,,,,2026-04-21,2026-04-26,VOD.L,BUY,9301.0,116.01,UBS,EQ-HK,MISSING_INT,2026-04-21,5,2-5d,1079009.01,3,3237027.03
T105745,,,,,,,,,2026-04-18,2026-04-27,AMZN,SELL,5256.0,61.46,JP Morgan,EQ-HK,MISSING_INT,2026-04-18,8,>5d,323033.76,10,3230337.6
T105933,2026-04-17,2026-04-27,GOOG,SELL,7024.0,446.95,Morgan Stanley,EQ-NY,2026-04-17,2026-04-27,GOOG,SELL,7726.0,446.95,Morgan Stanley,EQ-NY,QTY_DIFF,2026-04-17,9,>5d,313758.9,10,3137589.0
T100784,2026-04-19,2026-04-26,AAPL,BUY,7877.0,383.91,Barclays,EQ-HK,2026-04-19,2026-04-26,AAPL,BUY,8664.0,383.91,Barclays,EQ-HK,QTY_DIFF,2026-04-19,7,>5d,302137.17,10,3021371.7
T105895,,,,,,,,,2026-04-25,2026-04-26,TSLA,SELL,7332.0,409.62,Morgan Stanley,EQ-HK,MISSING_INT,2026-04-25,1,0-1d,3003333.84,1,3003333.84
T103880,2026-04-18,2026-04-26,BAC,SELL,5916.0,490.18,Citi,EQ-HK,2026-04-18,2026-04-26,BAC,SELL,6507.0,490.18,Citi,EQ-HK,QTY_DIFF,2026-04-18,8,>5d,289696.38,10,2896963.8
T107547,2026-04-18,2026-04-26,BAC,SELL,5917.0,490.01,Morgan Stanley,EQ-LDN,2026-04-18,2026-04-26,BAC,SELL,6508.0,490.01,Morgan Stanley,EQ-LDN,QTY_DIFF,2026-04-18,8,>5d,289595.91,10,2895959.1
T109784,2026-04-26,2026-04-28,TSLA,BUY,9239.0,308.07,JP Morgan,EQ-LDN,,,,,,,,,MISSING_CUST,2026-04-26,0,0-1d,2846258.73,1,2846258.73
T108189,2026-04-20,2026-04-27,VOD.L,BUY,635.0,443.7,Goldman Sachs,EQ-HK,2026-04-20,2026-04-27,VOD.L,BUY,635.0,443.7,Goldman Sachs,EQ-HK,DUP,2026-04-20,6,>5d,281749.5,10,2817495.0
T108189,2026-04-20,2026-04-27,VOD.L,BUY,635.0,443.7,Goldman Sachs,EQ-HK,2026-04-20,2026-04-27,VOD.L,BUY,635.0,443.7,Goldman Sachs,EQ-HK,DUP,2026-04-20,6,>5d,281749.5,10,2817495.0
T106604,2026-04-23,2026-04-28,GOOG,SELL,6005.0,155.98,Citi,EQ-LDN,2026-04-23,2026-04-28,GOOG,SELL,6005.0,155.98,Citi,EQ-LDN,DUP,2026-04-23,3,2-5d,936659.9,3,2809979.7
T106604,2026-04-23,2026-04-28,GOOG,SELL,6005.0,155.98,Citi,EQ-LDN,2026-04-23,2026-04-28,GOOG,SELL,6005.0,155.98,Citi,EQ-LDN,DUP,2026-04-23,3,2-5d,936659.9,3,2809979.7
T102337,2026-04-24,2026-04-27,HSBA.L,SELL,4635.0,201.62,JP Morgan,EQ-LDN,,,,,,,,,MISSING_CUST,2026-04-24,2,2-5d,934508.7,3,2803526.1
T108635,2026-04-20,2026-04-28,GS,SELL,1431.0,195.65,JP Morgan,EQ-LDN,,,,,,,,,MISSING_CUST,2026-04-20,6,>5d,279975.15,10,2799751.5
T106422,2026-04-22,2026-04-28,AMZN,SELL,2120.0,428.22,JP Morgan,EQ-HK,,,,,,,,,MISSING_CUST,2026-04-22,4,2-5d,907826.4,3,2723479.2
T108809,2026-04-17,2026-04-27,VOD.L,BUY,6414.0,424.49,Morgan Stanley,EQ-HK,2026-04-17,2026-04-27,VOD.L,BUY,7055.0,424.49,Morgan Stanley,EQ-HK,QTY_DIFF,2026-04-17,9,>5d,272098.09,10,2720980.9
T109374,,,,,,,,,2026-04-22,2026-04-26,AAPL,BUY,4486.0,197.72,UBS,EQ-NY,MISSING_INT,2026-04-22,4,2-5d,886971.92,3,2660915.76
T104693,,,,,,,,,2026-04-19,2026-04-27,AAPL,SELL,1133.0,234.74,UBS,EQ-HK,MISSING_INT,2026-04-19,7,>5d,265960.42,10,2659604.2
T106417,2026-04-20,2026-04-26,TSLA,BUY,6931.0,380.58,Barclays,EQ-HK,2026-04-20,2026-04-26,TSLA,BUY,7624.0,380.58,Barclays,EQ-HK,QTY_DIFF,2026-04-20,6,>5d,263741.94,10,2637419.4
T103569,2026-04-22,2026-04-27,JPM,SELL,2063.0,422.42,Goldman Sachs,EQ-HK,,,,,,,,,MISSING_CUST,2026-04-22,4,2-5d,871452.46,3,2614357.38
T108265,2026-04-20,2026-04-26,VOD.L,BUY,1020.0,256.19,Barclays,EQ-LDN,,,,,,,,,MISSING_CUST,2026-04-20,6,>5d,261313.8,10,2613138.0
T105343,,,,,,,,,2026-04-25,2026-04-28,VOD.L,SELL,7684.0,337.62,Morgan Stanley,EQ-NY,MISSING_INT,2026-04-25,1,0-1d,2594272.08,1,2594272.08
T102107,2026-04-22,2026-04-27,TSLA,BUY,2961.0,291.73,Morgan Stanley,EQ-NY,,,,,,,,,MISSING_CUST,2026-04-22,4,2-5d,863812.53,3,2591437.59
T103426,,,,,,,,,2026-04-21,2026-04-28,AAPL,BUY,3819.0,223.68,Citi,EQ-LDN,MISSING_INT,2026-04-21,5,2-5d,854233.92,3,2562701.76
T103397,,,,,,,,,2026-04-21,2026-04-26,HSBA.L,SELL,2762.0,300.67,Barclays,EQ-LDN,MISSING_INT,2026-04-21,5,2-5d,830450.54,3,2491351.62
T104014,2026-04-20,2026-04-27,GS,SELL,2731.0,89.43,Goldman Sachs,EQ-NY,2026-04-20,2026-04-27,GS,SELL,2731.0,89.43,Goldman Sachs,EQ-NY,DUP,2026-04-20,6,>5d,244233.33,10,2442333.3
T104014,2026-04-20,2026-04-27,GS,SELL,2731.0,89.43,Goldman Sachs,EQ-NY,2026-04-20,2026-04-27,GS,SELL,2731.0,89.43,Goldman Sachs,EQ-NY,DUP,2026-04-20,6,>5d,244233.33,10,2442333.3
T104022,2026-04-22,2026-04-28,MSFT,SELL,8376.0,96.93,Morgan Stanley,EQ-HK,2026-04-22,2026-04-28,MSFT,SELL,8376.0,96.93,Morgan Stanley,EQ-HK,DUP,2026-04-22,4,2-5d,811885.68,3,2435657.04
T104022,2026-04-22,2026-04-28,MSFT,SELL,8376.0,96.93,Morgan Stanley,EQ-HK,2026-04-22,2026-04-28,MSFT,SELL,8376.0,96.93,Morgan Stanley,EQ-HK,DUP,2026-04-22,4,2-5d,811885.68,3,2435657.04
T100622,2026-04-26,2026-04-26,HSBA.L,BUY,9022.0,265.85,Goldman Sachs,EQ-NY,2026-04-26,2026-04-26,HSBA.L,BUY,9022.0,265.85,Goldman Sachs,EQ-NY,DUP,2026-04-26,0,0-1d,2398498.7,1,2398498.7
T100622,2026-04-26,2026-04-26,HSBA.L,BUY,9022.0,265.85,Goldman Sachs,EQ-NY,2026-04-26,2026-04-26,HSBA.L,BUY,9022.0,265.85,Goldman Sachs,EQ-NY,DUP,2026-04-26,0,0-1d,2398498.7,1,2398498.7
T108429,2026-04-25,2026-04-28,VOD.L,BUY,7655.0,300.62,Goldman Sachs,EQ-HK,,,,,,,,,MISSING_CUST,2026-04-25,1,0-1d,2301246.1,1,2301246.1
T108684,2026-04-17,2026-04-27,VOD.L,BUY,6139.0,375.06,Citi,EQ-HK,2026-04-17,2026-04-27,VOD.L,BUY,6752.0,375.06,Citi,EQ-HK,QTY_DIFF,2026-04-17,9,>5d,229911.78,10,2299117.8
T103344,,,,,,,,,2026-04-26,2026-04-26,AAPL,BUY,6668.0,342.92,Morgan Stanley,EQ-LDN,MISSING_INT,2026-04-26,0,0-1d,2286590.56,1,2286590.56
T102483,2026-04-18,2026-04-28,JPM,SELL,891.0,253.3,Morgan Stanley,EQ-HK,2026-04-18,2026-04-28,JPM,SELL,891.0,253.3,Morgan Stanley,EQ-HK,DUP,2026-04-18,8,>5d,225690.3,10,2256903.0
T102483,2026-04-18,2026-04-28,JPM,SELL,891.0,253.3,Morgan Stanley,EQ-HK,2026-04-18,2026-04-28,JPM,SELL,891.0,253.3,Morgan Stanley,EQ-HK,DUP,2026-04-18,8,>5d,225690.3,10,2256903.0
T105859,2026-04-26,2026-04-27,TSLA,SELL,5909.0,377.97,Goldman Sachs,EQ-NY,2026-04-26,2026-04-27,TSLA,SELL,5909.0,377.97,Goldman Sachs,EQ-NY,DUP,2026-04-26,0,0-1d,2233424.73,1,2233424.73
T105859,2026-04-26,2026-04-27,TSLA,SELL,5909.0,377.97,Goldman Sachs,EQ-NY,2026-04-26,2026-04-27,TSLA,SELL,5909.0,377.97,Goldman Sachs,EQ-NY,DUP,2026-04-26,0,0-1d,2233424.73,1,2233424.73
T100341,,,,,,,,,2026-04-18,2026-04-28,JPM,SELL,657.0,337.94,Goldman Sachs,EQ-HK,MISSING_INT,2026-04-18,8,>5d,222026.58,10,2220265.8
T102237,,,,,,,,,2026-04-21,2026-04-26,TSLA,SELL,3210.0,221.57,Goldman Sachs,EQ-NY,MISSING_INT,2026-04-21,5,2-5d,711239.7,3,2133719.1
T101770,2026-04-19,2026-04-26,GOOG,SELL,6238.0,341.74,JP Morgan,EQ-HK,2026-04-19,2026-04-26,GOOG,SELL,6861.0,341.74,JP Morgan,EQ-HK,QTY_DIFF,2026-04-19,7,>5d,212904.02,10,2129040.2
T104818,2026-04-22,2026-04-27,MSFT,BUY,2634.0,264.4,JP Morgan,EQ-LDN,2026-04-22,2026-04-27,MSFT,BUY,2634.0,264.4,JP Morgan,EQ-LDN,DUP,2026-04-22,4,2-5d,696429.6,3,2089288.8
T104818,2026-04-22,2026-04-27,MSFT,BUY,2634.0,264.4,JP Morgan,EQ-LDN,2026-04-22,2026-04-27,MSFT,BUY,2634.0,264.4,JP Morgan,EQ-LDN,DUP,2026-04-22,4,2-5d,696429.6,3,2089288.8
T101863,2026-04-26,2026-04-27,GOOG,BUY,5090.0,410.08,UBS,EQ-HK,2026-04-26,2026-04-27,GOOG,BUY,5090.0,410.08,UBS,EQ-HK,DUP,2026-04-26,0,0-1d,2087307.2,1,2087307.2
T101863,2026-04-26,2026-04-27,GOOG,BUY,5090.0,410.08,UBS,EQ-HK,2026-04-26,2026-04-27,GOOG,BUY,5090.0,410.08,UBS,EQ-HK,DUP,2026-04-26,0,0-1d,2087307.2,1,2087307.2
T104328,2026-04-25,2026-04-26,GOOG,SELL,7909.0,262.52,Goldman Sachs,EQ-LDN,2026-04-25,2026-04-26,GOOG,SELL,7909.0,262.52,Goldman Sachs,EQ-LDN,DUP,2026-04-25,1,0-1d,2076270.68,1,2076270.68
T104328,2026-04-25,2026-04-26,GOOG,SELL,7909.0,262.52,Goldman Sachs,EQ-LDN,2026-04-25,2026-04-26,GOOG,SELL,7909.0,262.52,Goldman Sachs,EQ-LDN,DUP,2026-04-25,1,0-1d,2076270.68,1,2076270.68
T109390,2026-04-26,2026-04-28,GS,SELL,9199.0,224.26,Goldman Sachs,EQ-HK,2026-04-26,2026-04-28,GS,SELL,9199.0,224.26,Goldman Sachs,EQ-HK,DUP,2026-04-26,0,0-1d,2062967.74,1,2062967.74
T109390,2026-04-26,2026-04-28,GS,SELL,9199.0,224.26,Goldman Sachs,EQ-HK,2026-04-26,2026-04-28,GS,SELL,9199.0,224.26,Goldman Sachs,EQ-HK,DUP,2026-04-26,0,0-1d,2062967.74,1,2062967.74
T108379,,,,,,,,,2026-04-26,2026-04-28,BAC,BUY,5815.0,352.18,UBS,EQ-NY,MISSING_INT,2026-04-26,0,0-1d,2047926.7,1,2047926.7
T108498,2026-04-22,2026-04-28,AAPL,SELL,1765.0,385.17,Citi,EQ-LDN,2026-04-22,2026-04-28,AAPL,SELL,1765.0,385.17,Citi,EQ-LDN,DUP,2026-04-22,4,2-5d,679825.05,3,2039475.15
T108498,2026-04-22,2026-04-28,AAPL,SELL,1765.0,385.17,Citi,EQ-LDN,2026-04-22,2026-04-28,AAPL,SELL,1765.0,385.17,Citi,EQ-LDN,DUP,2026-04-22,4,2-5d,679825.05,3,2039475.15
T103809,,,,,,,,,2026-04-25,2026-04-28,AMZN,BUY,4651.0,437.28,Citi,EQ-HK,MISSING_INT,2026-04-25,1,0-1d,2033789.28,1,2033789.28
T103930,2026-04-17,2026-04-27,GOOG,SELL,5421.0,366.42,JP Morgan,EQ-LDN,2026-04-17,2026-04-27,GOOG,SELL,5963.0,366.42,JP Morgan,EQ-LDN,QTY_DIFF,2026-04-17,9,>5d,198599.64,10,1985996.4
T106309,2026-04-19,2026-04-28,VOD.L,SELL,1132.0,174.34,Goldman Sachs,EQ-NY,2026-04-19,2026-04-28,VOD.L,SELL,1132.0,174.34,Goldman Sachs,EQ-NY,DUP,2026-04-19,7,>5d,197352.88,10,1973528.8
T106309,2026-04-19,2026-04-28,VOD.L,SELL,1132.0,174.34,Goldman Sachs,EQ-NY,2026-04-19,2026-04-28,VOD.L,SELL,1132.0,174.34,Goldman Sachs,EQ-NY,DUP,2026-04-19,7,>5d,197352.88,10,1973528.8
T108099,2026-04-25,2026-04-26,BAC,SELL,4402.0,447.94,JP Morgan,EQ-LDN,,,,,,,,,MISSING_CUST,2026-04-25,1,0-1d,1971831.88,1,1971831.88
T100819,2026-04-24,2026-04-26,TSLA,BUY,3247.0,201.32,Goldman Sachs,EQ-HK,2026-04-24,2026-04-26,TSLA,BUY,3247.0,201.32,Goldman Sachs,EQ-HK,DUP,2026-04-24,2,2-5d,653686.04,3,1961058.12
T100819,2026-04-24,2026-04-26,TSLA,BUY,3247.0,201.32,Goldman Sachs,EQ-HK,2026-04-24,2026-04-26,TSLA,BUY,3247.0,201.32,Goldman Sachs,EQ-HK,DUP,2026-04-24,2,2-5d,653686.04,3,1961058.12
T105330,2026-04-25,2026-04-27,VOD.L,SELL,8957.0,218.33,JP Morgan,EQ-NY,2026-04-25,2026-04-27,VOD.L,SELL,8957.0,218.33,JP Morgan,EQ-NY,DUP,2026-04-25,1,0-1d,1955581.81,1,1955581.81
T105330,2026-04-25,2026-04-27,VOD.L,SELL,8957.0,218.33,JP Morgan,EQ-NY,2026-04-25,2026-04-27,VOD.L,SELL,8957.0,218.33,JP Morgan,EQ-NY,DUP,2026-04-25,1,0-1d,1955581.81,1,1955581.81
T101257,,,,,,,,,2026-04-18,2026-04-28,VOD.L,BUY,2466.0,79.3,UBS,EQ-HK,MISSING_INT,2026-04-18,8,>5d,195553.8,10,1955538.0
T104295,,,,,,,,,2026-04-24,2026-04-27,AMZN,SELL,2870.0,226.53,Morgan Stanley,EQ-HK,MISSING_INT,2026-04-24,2,2-5d,650141.1,3,1950423.3
T103495,,,,,,,,,2026-04-23,2026-04-26,GS,BUY,5003.0,128.46,Citi,EQ-LDN,MISSING_INT,2026-04-23,3,2-5d,642685.38,3,1928056.14
T102465,2026-04-26,2026-04-28,BAC,SELL,6861.0,276.52,JP Morgan,EQ-LDN,2026-04-26,2026-04-28,BAC,SELL,6861.0,276.52,JP Morgan,EQ-LDN,DUP,2026-04-26,0,0-1d,1897203.72,1,1897203.72
T102465,2026-04-26,2026-04-28,BAC,SELL,6861.0,276.52,JP Morgan,EQ-LDN,2026-04-26,2026-04-28,BAC,SELL,6861.0,276.52,JP Morgan,EQ-LDN,DUP,2026-04-26,0,0-1d,1897203.72,1,1897203.72
T109045,2026-04-26,2026-04-27,AMZN,SELL,6966.0,269.61,JP Morgan,EQ-LDN,,,,,,,,,MISSING_CUST,2026-04-26,0,0-1d,1878103.26,1,1878103.26
T100278,2026-04-21,2026-04-28,VOD.L,SELL,2348.0,265.85,Barclays,EQ-NY,,,,,,,,,MISSING_CUST,2026-04-21,5,2-5d,624215.8,3,1872647.4
T102257,,,,,,,,,2026-04-19,2026-04-27,VOD.L,SELL,694.0,269.71,UBS,EQ-HK,MISSING_INT,2026-04-19,7,>5d,187178.74,10,1871787.4
T104969,2026-04-17,2026-04-26,TSLA,BUY,4425.0,421.67,Citi,EQ-LDN,2026-04-17,2026-04-26,TSLA,BUY,4867.0,421.67,Citi,EQ-LDN,QTY_DIFF,2026-04-17,9,>5d,186378.14,10,1863781.4
T100980,,,,,,,,,2026-04-23,2026-04-28,TSLA,SELL,1967.0,308.08,UBS,EQ-HK,MISSING_INT,2026-04-23,3,2-5d,605993.36,3,1817980.08
T106958,2026-04-20,2026-04-27,GOOG,BUY,8846.0,200.19,UBS,EQ-HK,2026-04-20,2026-04-27,GOOG,BUY,9730.0,200.19,UBS,EQ-HK,QTY_DIFF,2026-04-20,6,>5d,176967.96,10,1769679.6
T104714,,,,,,,,,2026-04-26,2026-04-26,JPM,BUY,4175.0,420.99,JP Morgan,EQ-NY,MISSING_INT,2026-04-26,0,0-1d,1757633.25,1,1757633.25
T101016,,,,,,,,,2026-04-21,2026-04-26,GOOG,SELL,2330.0,250.52,Citi,EQ-LDN,MISSING_INT,2026-04-21,5,2-5d,583711.6,3,1751134.8
T100046,,,,,,,,,2026-04-25,2026-04-28,GS,SELL,6089.0,279.7,UBS,EQ-NY,MISSING_INT,2026-04-25,1,0-1d,1703093.3,1,1703093.3
T100705,2026-04-25,2026-04-26,HSBA.L,BUY,7935.0,212.43,Barclays,EQ-LDN,,,,,,,,,MISSING_CUST,2026-04-25,1,0-1d,1685632.05,1,1685632.05
T100149,2026-04-18,2026-04-28,AMZN,SELL,3277.0,51.18,Goldman Sachs,EQ-HK,,,,,,,,,MISSING_CUST,2026-04-18,8,>5d,167716.86,10,1677168.6
T102048,2026-04-23,2026-04-28,VOD.L,BUY,1944.0,284.72,Goldman Sachs,EQ-HK,2026-04-23,2026-04-28,VOD.L,BUY,1944.0,284.72,Goldman Sachs,EQ-HK,DUP,2026-04-23,3,2-5d,553495.68,3,1660487.04
T102048,2026-04-23,2026-04-28,VOD.L,BUY,1944.0,284.72,Goldman Sachs,EQ-HK,2026-04-23,2026-04-28,VOD.L,BUY,1944.0,284.72,Goldman Sachs,EQ-HK,DUP,2026-04-23,3,2-5d,553495.68,3,1660487.04
T105743,2026-04-18,2026-04-26,GOOG,BUY,455.0,362.92,UBS,EQ-HK,,,,,,,,,MISSING_CUST,2026-04-18,8,>5d,165128.6,10,1651286.0
T103682,,,,,,,,,2026-04-21,2026-04-26,MSFT,BUY,4907.0,109.61,Morgan Stanley,EQ-HK,MISSING_INT,2026-04-21,5,2-5d,537856.27,3,1613568.81
T106363,,,,,,,,,2026-04-25,2026-04-26,AAPL,SELL,8898.0,180.3,JP Morgan,EQ-NY,MISSING_INT,2026-04-25,1,0-1d,1604309.4,1,1604309.4
T105423,2026-04-26,2026-04-28,JPM,SELL,3460.0,457.3,Goldman Sachs,EQ-NY,,,,,,,,,MISSING_CUST,2026-04-26,0,0-1d,1582258.0,1,1582258.0
T106580,2026-04-25,2026-04-27,GOOG,SELL,7111.0,222.32,JP Morgan,EQ-HK,2026-04-25,2026-04-27,GOOG,SELL,7111.0,222.32,JP Morgan,EQ-HK,DUP,2026-04-25,1,0-1d,1580917.52,1,1580917.52
T106580,2026-04-25,2026-04-27,GOOG,SELL,7111.0,222.32,JP Morgan,EQ-HK,2026-04-25,2026-04-27,GOOG,SELL,7111.0,222.32,JP Morgan,EQ-HK,DUP,2026-04-25,1,0-1d,1580917.52,1,1580917.52
T102878,,,,,,,,,2026-04-25,2026-04-26,AAPL,BUY,4869.0,317.97,Citi,EQ-LDN,MISSING_INT,2026-04-25,1,0-1d,1548195.93,1,1548195.93
T107592,2026-04-21,2026-04-27,HSBA.L,SELL,4204.0,119.75,Morgan Stanley,EQ-HK,2026-04-21,2026-04-27,HSBA.L,SELL,4204.0,119.75,Morgan Stanley,EQ-HK,DUP,2026-04-21,5,2-5d,503429.0,3,1510287.0
T107592,2026-04-21,2026-04-27,HSBA.L,SELL,4204.0,119.75,Morgan Stanley,EQ-HK,2026-04-21,2026-04-27,HSBA.L,SELL,4204.0,119.75,Morgan Stanley,EQ-HK,DUP,2026-04-21,5,2-5d,503429.0,3,1510287.0
T102031,2026-04-21,2026-04-26,JPM,SELL,1713.0,293.52,Morgan Stanley,EQ-NY,2026-04-21,2026-04-26,JPM,SELL,1713.0,293.52,Morgan Stanley,EQ-NY,DUP,2026-04-21,5,2-5d,502799.76,3,1508399.28
T102031,2026-04-21,2026-04-26,JPM,SELL,1713.0,293.52,Morgan Stanley,EQ-NY,2026-04-21,2026-04-26,JPM,SELL,1713.0,293.52,Morgan Stanley,EQ-NY,DUP,2026-04-21,5,2-5d,502799.76,3,1508399.28
T107296,,,,,,,,,2026-04-24,2026-04-26,VOD.L,BUY,8527.0,58.92,Morgan Stanley,EQ-LDN,MISSING_INT,2026-04-24,2,2-5d,502410.84,3,1507232.52
T101575,2026-04-26,2026-04-28,HSBA.L,BUY,7718.0,190.27,Morgan Stanley,EQ-LDN,,,,,,,,,MISSING_CUST,2026-04-26,0,0-1d,1468503.86,1,1468503.86
T103808,,,,,,,,,2026-04-24,2026-04-28,VOD.L,BUY,3498.0,136.71,Goldman Sachs,EQ-NY,MISSING_INT,2026-04-24,2,2-5d,478211.58,3,1434634.74
T104698,2026-04-22,2026-04-26,VOD.L,SELL,5117.0,93.19,UBS,EQ-NY,,,,,,,,,MISSING_CUST,2026-04-22,4,2-5d,476853.23,3,1430559.69
T102439,2026-04-20,2026-04-27,GS,BUY,5456.0,260.71,UBS,EQ-HK,2026-04-20,2026-04-27,GS,BUY,6001.0,260.71,UBS,EQ-HK,QTY_DIFF,2026-04-20,6,>5d,142086.95,10,1420869.5
T109412,2026-04-22,2026-04-27,VOD.L,BUY,5051.0,93.46,UBS,EQ-LDN,,,,,,,,,MISSING_CUST,2026-04-22,4,2-5d,472066.46,3,1416199.38
T101207,2026-04-22,2026-04-27,AMZN,BUY,3094.0,150.77,Morgan Stanley,EQ-LDN,2026-04-22,2026-04-27,AMZN,BUY,3094.0,150.77,Morgan Stanley,EQ-LDN,DUP,2026-04-22,4,2-5d,466482.38,3,1399447.14
T101207,2026-04-22,2026-04-27,AMZN,BUY,3094.0,150.77,Morgan Stanley,EQ-LDN,2026-04-22,2026-04-27,AMZN,BUY,3094.0,150.77,Morgan Stanley,EQ-LDN,DUP,2026-04-22,4,2-5d,466482.38,3,1399447.14
T105888,,,,,,,,,2026-04-18,2026-04-27,GS,SELL,444.0,313.48,Goldman Sachs,EQ-LDN,MISSING_INT,2026-04-18,8,>5d,139185.12,10,1391851.2
T109356,2026-04-24,2026-04-26,TSLA,BUY,7659.0,60.08,Goldman Sachs,EQ-LDN,2026-04-24,2026-04-26,TSLA,BUY,7659.0,60.08,Goldman Sachs,EQ-LDN,DUP,2026-04-24,2,2-5d,460152.72,3,1380458.16
T109356,2026-04-24,2026-04-26,TSLA,BUY,7659.0,60.08,Goldman Sachs,EQ-LDN,2026-04-24,2026-04-26,TSLA,BUY,7659.0,60.08,Goldman Sachs,EQ-LDN,DUP,2026-04-24,2,2-5d,460152.72,3,1380458.16
T101388,2026-04-23,2026-04-26,GOOG,BUY,6694.0,67.04,UBS,EQ-NY,2026-04-23,2026-04-26,GOOG,BUY,6694.0,67.04,UBS,EQ-NY,DUP,2026-04-23,3,2-5d,448765.76,3,1346297.28
T101388,2026-04-23,2026-04-26,GOOG,BUY,6694.0,67.04,UBS,EQ-NY,2026-04-23,2026-04-26,GOOG,BUY,6694.0,67.04,UBS,EQ-NY,DUP,2026-04-23,3,2-5d,448765.76,3,1346297.28
T102391,2026-04-17,2026-04-27,GOOG,BUY,1481.0,90.14,Citi,EQ-NY,,,,,,,,,MISSING_CUST,2026-04-17,9,>5d,133497.34,10,1334973.4
T103902,,,,,,,,,2026-04-17,2026-04-27,AAPL,SELL,909.0,146.51,Barclays,EQ-LDN,MISSING_INT,2026-04-17,9,>5d,133177.59,10,1331775.9
T106454,2026-04-22,2026-04-28,GS,SELL,1816.0,243.5,Goldman Sachs,EQ-HK,2026-04-22,2026-04-28,GS,SELL,1816.0,243.5,Goldman Sachs,EQ-HK,DUP,2026-04-22,4,2-5d,442196.0,3,1326588.0
T106454,2026-04-22,2026-04-28,GS,SELL,1816.0,243.5,Goldman Sachs,EQ-HK,2026-04-22,2026-04-28,GS,SELL,1816.0,243.5,Goldman Sachs,EQ-HK,DUP,2026-04-22,4,2-5d,442196.0,3,1326588.0
T102097,,,,,,,,,2026-04-23,2026-04-28,AAPL,BUY,3270.0,133.65,Morgan Stanley,EQ-HK,MISSING_INT,2026-04-23,3,2-5d,437035.5,3,1311106.5
T101708,2026-04-24,2026-04-26,AAPL,SELL,1891.0,231.05,Barclays,EQ-HK,,,,,,,,,MISSING_CUST,2026-04-24,2,2-5d,436915.55,3,1310746.65
T108297,2026-04-26,2026-04-26,HSBA.L,BUY,4508.0,285.3,Goldman Sachs,EQ-LDN,2026-04-26,2026-04-26,HSBA.L,BUY,4508.0,285.3,Goldman Sachs,EQ-LDN,DUP,2026-04-26,0,0-1d,1286132.4,1,1286132.4
T108297,2026-04-26,2026-04-26,HSBA.L,BUY,4508.0,285.3,Goldman Sachs,EQ-LDN,2026-04-26,2026-04-26,HSBA.L,BUY,4508.0,285.3,Goldman Sachs,EQ-LDN,DUP,2026-04-26,0,0-1d,1286132.4,1,1286132.4
T105734,2026-04-24,2026-04-27,GOOG,BUY,8525.0,50.24,UBS,EQ-LDN,,,,,,,,,MISSING_CUST,2026-04-24,2,2-5d,428296.0,3,1284888.0
T106591,2026-04-21,2026-04-26,HSBA.L,BUY,1077.0,386.88,Morgan Stanley,EQ-NY,2026-04-21,2026-04-26,HSBA.L,BUY,1077.0,386.88,Morgan Stanley,EQ-NY,DUP,2026-04-21,5,2-5d,416669.76,3,1250009.28
T106591,2026-04-21,2026-04-26,HSBA.L,BUY,1077.0,386.88,Morgan Stanley,EQ-NY,2026-04-21,2026-04-26,HSBA.L,BUY,1077.0,386.88,Morgan Stanley,EQ-NY,DUP,2026-04-21,5,2-5d,416669.76,3,1250009.28
T101714,2026-04-19,2026-04-28,AMZN,BUY,2914.0,422.82,Citi,EQ-HK,2026-04-19,2026-04-28,AMZN,BUY,3205.0,422.82,Citi,EQ-HK,QTY_DIFF,2026-04-19,7,>5d,123040.62,10,1230406.2
T105737,2026-04-23,2026-04-27,AAPL,BUY,8794.0,464.59,Citi,EQ-HK,2026-04-23,2026-04-27,AAPL,BUY,9673.0,464.59,Citi,EQ-HK,QTY_DIFF,2026-04-23,3,2-5d,408374.61,3,1225123.83
T104344,2026-04-21,2026-04-26,AMZN,SELL,6385.0,63.68,Goldman Sachs,EQ-LDN,,,,,,,,,MISSING_CUST,2026-04-21,5,2-5d,406596.8,3,1219790.4
T100883,2026-04-19,2026-04-26,JPM,SELL,9775.0,122.21,Barclays,EQ-LDN,2026-04-19,2026-04-26,JPM,SELL,10752.0,122.21,Barclays,EQ-LDN,QTY_DIFF,2026-04-19,7,>5d,119399.17,10,1193991.7
T102918,2026-04-21,2026-04-27,BAC,BUY,8212.0,480.49,UBS,EQ-NY,2026-04-21,2026-04-27,BAC,BUY,9033.0,480.49,UBS,EQ-NY,QTY_DIFF,2026-04-21,5,2-5d,394482.29,3,1183446.87
T100250,2026-04-19,2026-04-26,GS,SELL,3722.0,317.74,Goldman Sachs,EQ-LDN,2026-04-19,2026-04-26,GS,SELL,4094.0,317.74,Goldman Sachs,EQ-LDN,QTY_DIFF,2026-04-19,7,>5d,118199.28,10,1181992.8
T101038,2026-04-22,2026-04-28,MSFT,SELL,8741.0,444.39,UBS,EQ-NY,2026-04-22,2026-04-28,MSFT,SELL,9615.0,444.39,UBS,EQ-NY,QTY_DIFF,2026-04-22,4,2-5d,388396.86,3,1165190.58
T100041,,,,,,,,,2026-04-25,2026-04-27,TSLA,BUY,2586.0,436.29,Morgan Stanley,EQ-LDN,MISSING_INT,2026-04-25,1,0-1d,1128245.94,1,1128245.94
T101631,2026-04-26,2026-04-26,TSLA,SELL,9263.0,117.56,Barclays,EQ-LDN,2026-04-26,2026-04-26,TSLA,SELL,9263.0,117.56,Barclays,EQ-LDN,DUP,2026-04-26,0,0-1d,1088958.28,1,1088958.28
T101631,2026-04-26,2026-04-26,TSLA,SELL,9263.0,117.56,Barclays,EQ-LDN,2026-04-26,2026-04-26,TSLA,SELL,9263.0,117.56,Barclays,EQ-LDN,DUP,2026-04-26,0,0-1d,1088958.28,1,1088958.28
T107188,,,,,,,,,2026-04-19,2026-04-26,GOOG,SELL,815.0,133.4,Barclays,EQ-HK,MISSING_INT,2026-04-19,7,>5d,108721.0,10,1087210.0
T107468,2026-04-21,2026-04-26,VOD.L,BUY,4451.0,80.43,Barclays,EQ-LDN,,,,,,,,,MISSING_CUST,2026-04-21,5,2-5d,357993.93,3,1073981.79
T102732,2026-04-24,2026-04-28,TSLA,SELL,9530.0,372.07,Barclays,EQ-NY,2026-04-24,2026-04-28,TSLA,SELL,10483.0,372.07,Barclays,EQ-NY,QTY_DIFF,2026-04-24,2,2-5d,354582.71,3,1063748.13
T109295,2026-04-22,2026-04-27,HSBA.L,BUY,8777.0,394.75,Morgan Stanley,EQ-HK,2026-04-22,2026-04-27,HSBA.L,BUY,9654.0,394.75,Morgan Stanley,EQ-HK,QTY_DIFF,2026-04-22,4,2-5d,346195.75,3,1038587.25
T103693,2026-04-22,2026-04-27,HSBA.L,SELL,8195.0,414.23,JP Morgan,EQ-HK,2026-04-22,2026-04-27,HSBA.L,SELL,9014.0,414.23,JP Morgan,EQ-HK,QTY_DIFF,2026-04-22,4,2-5d,339254.37,3,1017763.11
T107909,2026-04-18,2026-04-28,GS,BUY,258.0,392.32,UBS,EQ-HK,2026-04-18,2026-04-28,GS,BUY,258.0,392.32,UBS,EQ-HK,DUP,2026-04-18,8,>5d,101218.56,10,1012185.6
T107909,2026-04-18,2026-04-28,GS,BUY,258.0,392.32,UBS,EQ-HK,2026-04-18,2026-04-28,GS,BUY,258.0,392.32,UBS,EQ-HK,DUP,2026-04-18,8,>5d,101218.56,10,1012185.6
T100651,2026-04-25,2026-04-26,GOOG,SELL,5308.0,189.51,Barclays,EQ-NY,2026-04-25,2026-04-26,GOOG,SELL,5308.0,189.51,Barclays,EQ-NY,DUP,2026-04-25,1,0-1d,1005919.08,1,1005919.08
T100651,2026-04-25,2026-04-26,GOOG,SELL,5308.0,189.51,Barclays,EQ-NY,2026-04-25,2026-04-26,GOOG,SELL,5308.0,189.51,Barclays,EQ-NY,DUP,2026-04-25,1,0-1d,1005919.08,1,1005919.08
T102160,2026-04-22,2026-04-28,MSFT,SELL,2008.0,165.44,Citi,EQ-NY,,,,,,,,,MISSING_CUST,2026-04-22,4,2-5d,332203.52,3,996610.56
T104357,2026-04-24,2026-04-27,TSLA,SELL,7171.0,458.53,JP Morgan,EQ-HK,2026-04-24,2026-04-27,TSLA,SELL,7888.0,458.53,JP Morgan,EQ-HK,QTY_DIFF,2026-04-24,2,2-5d,328766.01,3,986298.03
T105093,,,,,,,,,2026-04-26,2026-04-26,TSLA,SELL,5799.0,169.15,Citi,EQ-NY,MISSING_INT,2026-04-26,0,0-1d,980900.85,1,980900.85
T101741,,,,,,,,,2026-04-24,2026-04-28,BAC,SELL,1819.0,172.69,Morgan Stanley,EQ-HK,MISSING_INT,2026-04-24,2,2-5d,314123.11,3,942369.33
T101225,2026-04-23,2026-04-27,GOOG,BUY,887.0,347.24,Goldman Sachs,EQ-HK,,,,,,,,,MISSING_CUST,2026-04-23,3,2-5d,308001.88,3,924005.64
T102009,2026-04-17,2026-04-28,JPM,BUY,3550.0,259.45,Citi,EQ-NY,2026-04-17,2026-04-28,JPM,BUY,3905.0,259.45,Citi,EQ-NY,QTY_DIFF,2026-04-17,9,>5d,92104.75,10,921047.5
T107740,2026-04-20,2026-04-27,GOOG,SELL,9166.0,100.36,Citi,EQ-HK,2026-04-20,2026-04-27,GOOG,SELL,10082.0,100.36,Citi,EQ-HK,QTY_DIFF,2026-04-20,6,>5d,91929.76,10,919297.6
T100234,2026-04-22,2026-04-28,VOD.L,SELL,4716.0,63.75,Morgan Stanley,EQ-NY,,,,,,,,,MISSING_CUST,2026-04-22,4,2-5d,300645.0,3,901935.0
T101896,2026-04-25,2026-04-28,TSLA,SELL,2443.0,343.64,JP Morgan,EQ-HK,2026-04-25,2026-04-28,TSLA,SELL,2443.0,343.64,JP Morgan,EQ-HK,DUP,2026-04-25,1,0-1d,839512.52,1,839512.52
T101896,2026-04-25,2026-04-28,TSLA,SELL,2443.0,343.64,JP Morgan,EQ-HK,2026-04-25,2026-04-28,TSLA,SELL,2443.0,343.64,JP Morgan,EQ-HK,DUP,2026-04-25,1,0-1d,839512.52,1,839512.52
T101471,,,,,,,,,2026-04-20,2026-04-26,AAPL,BUY,380.0,208.56,Barclays,EQ-HK,MISSING_INT,2026-04-20,6,>5d,79252.8,10,792528.0
T106295,2026-04-25,2026-04-26,VOD.L,BUY,2342.0,336.07,Citi,EQ-LDN,2026-04-25,2026-04-26,VOD.L,BUY,2342.0,336.07,Citi,EQ-LDN,DUP,2026-04-25,1,0-1d,787075.94,1,787075.94
T106295,2026-04-25,2026-04-26,VOD.L,BUY,2342.0,336.07,Citi,EQ-LDN,2026-04-25,2026-04-26,VOD.L,BUY,2342.0,336.07,Citi,EQ-LDN,DUP,2026-04-25,1,0-1d,787075.94,1,787075.94
T102342,2026-04-17,2026-04-26,AMZN,BUY,8563.0,90.22,Morgan Stanley,EQ-LDN,2026-04-17,2026-04-26,AMZN,BUY,9419.0,90.22,Morgan Stanley,EQ-LDN,QTY_DIFF,2026-04-17,9,>5d,77228.32,10,772283.2
T105068,2026-04-19,2026-04-26,BAC,SELL,2760.0,266.36,Barclays,EQ-NY,2026-04-19,2026-04-26,BAC,SELL,3036.0,266.36,Barclays,EQ-NY,QTY_DIFF,2026-04-19,7,>5d,73515.36,10,735153.6
T108143,2026-04-25,2026-04-26,MSFT,SELL,9518.0,74.69,Goldman Sachs,EQ-LDN,,,,,,,,,MISSING_CUST,2026-04-25,1,0-1d,710899.42,1,710899.42
T103911,2026-04-23,2026-04-26,AMZN,SELL,5915.0,399.86,Barclays,EQ-LDN,2026-04-23,2026-04-26,AMZN,SELL,6506.0,399.86,Barclays,EQ-LDN,QTY_DIFF,2026-04-23,3,2-5d,236317.26,3,708951.78
T103832,,,,,,,,,2026-04-23,2026-04-27,GOOG,BUY,578.0,402.04,JP Morgan,EQ-LDN,MISSING_INT,2026-04-23,3,2-5d,232379.12,3,697137.36
T109201,2026-04-17,2026-04-28,AAPL,BUY,6187.0,112.25,JP Morgan,EQ-NY,2026-04-17,2026-04-28,AAPL,BUY,6805.0,112.25,JP Morgan,EQ-NY,QTY_DIFF,2026-04-17,9,>5d,69370.5,10,693705.0
T106993,2026-04-24,2026-04-28,VOD.L,SELL,7386.0,307.05,Citi,EQ-HK,2026-04-24,2026-04-28,VOD.L,SELL,8124.0,307.05,Citi,EQ-HK,QTY_DIFF,2026-04-24,2,2-5d,226602.9,3,679808.7
T108835,2026-04-17,2026-04-27,GOOG,SELL,1615.0,419.3,Barclays,EQ-HK,2026-04-17,2026-04-27,GOOG,SELL,1776.0,419.3,Barclays,EQ-HK,QTY_DIFF,2026-04-17,9,>5d,67507.3,10,675073.0
T108059,2026-04-18,2026-04-27,AMZN,BUY,4853.0,135.25,Goldman Sachs,EQ-NY,2026-04-18,2026-04-27,AMZN,BUY,5338.0,135.25,Goldman Sachs,EQ-NY,QTY_DIFF,2026-04-18,8,>5d,65596.25,10,655962.5
T103771,,,,,,,,,2026-04-25,2026-04-27,MSFT,BUY,3333.0,189.63,Barclays,EQ-HK,MISSING_INT,2026-04-25,1,0-1d,632036.79,1,632036.79
T109225,2026-04-18,2026-04-27,GOOG,SELL,254.0,246.28,UBS,EQ-LDN,2026-04-18,2026-04-27,GOOG,SELL,254.0,246.28,UBS,EQ-LDN,DUP,2026-04-18,8,>5d,62555.12,10,625551.2
T109225,2026-04-18,2026-04-27,GOOG,SELL,254.0,246.28,UBS,EQ-LDN,2026-04-18,2026-04-27,GOOG,SELL,254.0,246.28,UBS,EQ-LDN,DUP,2026-04-18,8,>5d,62555.12,10,625551.2
T101295,2026-04-18,2026-04-27,VOD.L,SELL,860.0,72.33,Citi,EQ-NY,,,,,,,,,MISSING_CUST,2026-04-18,8,>5d,62203.8,10,622038.0
T102522,2026-04-23,2026-04-28,VOD.L,BUY,5784.0,358.67,Morgan Stanley,EQ-NY,2026-04-23,2026-04-28,VOD.L,BUY,6362.0,358.67,Morgan Stanley,EQ-NY,QTY_DIFF,2026-04-23,3,2-5d,207311.26,3,621933.78
T100599,,,,,,,,,2026-04-26,2026-04-26,AAPL,SELL,2290.0,267.38,UBS,EQ-NY,MISSING_INT,2026-04-26,0,0-1d,612300.2,1,612300.2
T105621,2026-04-19,2026-04-26,JPM,BUY,406.0,149.03,Barclays,EQ-LDN,,,,,,,,,MISSING_CUST,2026-04-19,7,>5d,60506.18,10,605061.8
T107619,,,,,,,,,2026-04-24,2026-04-27,AMZN,SELL,1931.0,101.92,Morgan Stanley,EQ-LDN,MISSING_INT,2026-04-24,2,2-5d,196807.52,3,590422.56
T103172,2026-04-19,2026-04-26,AAPL,BUY,7961.0,70.8,Goldman Sachs,EQ-LDN,2026-04-19,2026-04-26,AAPL,BUY,8757.0,70.8,Goldman Sachs,EQ-LDN,QTY_DIFF,2026-04-19,7,>5d,56356.8,10,563568.0
T104023,2026-04-22,2026-04-27,MSFT,BUY,3912.0,469.9,Citi,EQ-LDN,2026-04-22,2026-04-27,MSFT,BUY,4303.0,469.9,Citi,EQ-LDN,QTY_DIFF,2026-04-22,4,2-5d,183730.9,3,551192.7
T108397,2026-04-23,2026-04-28,TSLA,SELL,3085.0,58.69,Morgan Stanley,EQ-HK,,,,,,,,,MISSING_CUST,2026-04-23,3,2-5d,181058.65,3,543175.95
T101496,2026-04-17,2026-04-28,AAPL,BUY,2236.0,242.2,Citi,EQ-HK,2026-04-17,2026-04-28,AAPL,BUY,2459.0,242.2,Citi,EQ-HK,QTY_DIFF,2026-04-17,9,>5d,54010.6,10,540106.0
T107832,2026-04-25,2026-04-27,BAC,SELL,2326.0,231.63,Citi,EQ-NY,2026-04-25,2026-04-27,BAC,SELL,2326.0,231.63,Citi,EQ-NY,DUP,2026-04-25,1,0-1d,538771.38,1,538771.38
T107832,2026-04-25,2026-04-27,BAC,SELL,2326.0,231.63,Citi,EQ-NY,2026-04-25,2026-04-27,BAC,SELL,2326.0,231.63,Citi,EQ-NY,DUP,2026-04-25,1,0-1d,538771.38,1,538771.38
T107277,,,,,,,,,2026-04-26,2026-04-28,GS,SELL,2820.0,190.19,JP Morgan,EQ-HK,MISSING_INT,2026-04-26,0,0-1d,536335.8,1,536335.8
T108780,2026-04-23,2026-04-28,GS,BUY,5978.0,294.2,Barclays,EQ-HK,2026-04-23,2026-04-28,GS,BUY,6575.0,294.2,Barclays,EQ-HK,QTY_DIFF,2026-04-23,3,2-5d,175637.4,3,526912.2
T108235,2026-04-23,2026-04-27,JPM,SELL,2011.0,85.07,Goldman Sachs,EQ-NY,,,,,,,,,MISSING_CUST,2026-04-23,3,2-5d,171075.77,3,513227.31
T108861,2026-04-18,2026-04-26,BAC,SELL,3653.0,137.38,JP Morgan,EQ-HK,2026-04-18,2026-04-26,BAC,SELL,4018.0,137.38,JP Morgan,EQ-HK,QTY_DIFF,2026-04-18,8,>5d,50143.7,10,501437.0
T105291,2026-04-18,2026-04-27,MSFT,BUY,3750.0,129.04,Barclays,EQ-NY,2026-04-18,2026-04-27,MSFT,BUY,4125.0,129.04,Barclays,EQ-NY,QTY_DIFF,2026-04-18,8,>5d,48390.0,10,483900.0
T101166,2026-04-21,2026-04-27,MSFT,BUY,8359.0,191.61,Morgan Stanley,EQ-HK,2026-04-21,2026-04-27,MSFT,BUY,9194.0,191.61,Morgan Stanley,EQ-HK,QTY_DIFF,2026-04-21,5,2-5d,159994.35,3,479983.05
T107977,2026-04-19,2026-04-26,VOD.L,BUY,1593.0,301.86,UBS,EQ-LDN,2026-04-19,2026-04-26,VOD.L,BUY,1752.0,301.86,UBS,EQ-LDN,QTY_DIFF,2026-04-19,7,>5d,47995.74,10,479957.4
T106515,2026-04-23,2026-04-26,GOOG,BUY,574.0,276.58,Goldman Sachs,EQ-LDN,,,,,,,,,MISSING_CUST,2026-04-23,3,2-5d,158756.92,3,476270.76
T104718,2026-04-24,2026-04-27,BAC,BUY,5318.0,294.67,Goldman Sachs,EQ-NY,2026-04-24,2026-04-27,BAC,BUY,5849.0,294.67,Goldman Sachs,EQ-NY,QTY_DIFF,2026-04-24,2,2-5d,156469.77,3,469409.31
T101779,2026-04-26,2026-04-26,AAPL,SELL,2728.0,168.59,Citi,EQ-LDN,,,,,,,,,MISSING_CUST,2026-04-26,0,0-1d,459913.52,1,459913.52
T107330,2026-04-26,2026-04-27,GS,SELL,9948.0,460.87,Goldman Sachs,EQ-NY,2026-04-26,2026-04-27,GS,SELL,10942.0,460.87,Goldman Sachs,EQ-NY,QTY_DIFF,2026-04-26,0,0-1d,458104.78,1,458104.78
T109468,2026-04-18,2026-04-26,VOD.L,BUY,4840.0,93.75,Goldman Sachs,EQ-LDN,2026-04-18,2026-04-26,VOD.L,BUY,5324.0,93.75,Goldman Sachs,EQ-LDN,QTY_DIFF,2026-04-18,8,>5d,45375.0,10,453750.0
T100847,2026-04-23,2026-04-26,AAPL,SELL,1913.0,78.78,Morgan Stanley,EQ-NY,,,,,,,,,MISSING_CUST,2026-04-23,3,2-5d,150706.14,3,452118.42
T101560,2026-04-18,2026-04-28,MSFT,SELL,1469.0,302.7,JP Morgan,EQ-HK,2026-04-18,2026-04-28,MSFT,SELL,1615.0,302.7,JP Morgan,EQ-HK,QTY_DIFF,2026-04-18,8,>5d,44194.2,10,441942.0
T104180,2026-04-25,2026-04-27,HSBA.L,SELL,6128.0,71.98,Goldman Sachs,EQ-NY,,,,,,,,,MISSING_CUST,2026-04-25,1,0-1d,441093.44,1,441093.44
T101527,2026-04-25,2026-04-28,GS,BUY,5857.0,75.15,UBS,EQ-LDN,2026-04-25,2026-04-28,GS,BUY,5857.0,75.15,UBS,EQ-LDN,DUP,2026-04-25,1,0-1d,440153.55,1,440153.55
T101527,2026-04-25,2026-04-28,GS,BUY,5857.0,75.15,UBS,EQ-LDN,2026-04-25,2026-04-28,GS,BUY,5857.0,75.15,UBS,EQ-LDN,DUP,2026-04-25,1,0-1d,440153.55,1,440153.55
T105655,2026-04-25,2026-04-27,GOOG,BUY,9321.0,462.18,Citi,EQ-LDN,2026-04-25,2026-04-27,GOOG,BUY,10253.0,462.18,Citi,EQ-LDN,QTY_DIFF,2026-04-25,1,0-1d,430751.76,1,430751.76
T101126,,,,,,,,,2026-04-25,2026-04-26,VOD.L,SELL,1195.0,349.5,Goldman Sachs,EQ-LDN,MISSING_INT,2026-04-25,1,0-1d,417652.5,1,417652.5
T100933,2026-04-26,2026-04-26,GOOG,SELL,5494.0,75.88,UBS,EQ-LDN,2026-04-26,2026-04-26,GOOG,SELL,5494.0,75.88,UBS,EQ-LDN,DUP,2026-04-26,0,0-1d,416884.72,1,416884.72
T100933,2026-04-26,2026-04-26,GOOG,SELL,5494.0,75.88,UBS,EQ-LDN,2026-04-26,2026-04-26,GOOG,SELL,5494.0,75.88,UBS,EQ-LDN,DUP,2026-04-26,0,0-1d,416884.72,1,416884.72
T103976,2026-04-20,2026-04-27,MSFT,SELL,1373.0,288.7,Morgan Stanley,EQ-HK,2026-04-20,2026-04-27,MSFT,SELL,1510.0,288.7,Morgan Stanley,EQ-HK,QTY_DIFF,2026-04-20,6,>5d,39551.9,10,395519.0
T105880,2026-04-21,2026-04-26,BAC,SELL,662.0,198.41,JP Morgan,EQ-NY,,,,,,,,,MISSING_CUST,2026-04-21,5,2-5d,131347.42,3,394042.26
T104764,2026-04-21,2026-04-26,AMZN,SELL,3192.0,394.49,Barclays,EQ-HK,2026-04-21,2026-04-26,AMZN,SELL,3511.0,394.49,Barclays,EQ-HK,QTY_DIFF,2026-04-21,5,2-5d,125842.31,3,377526.93
T108340,2026-04-23,2026-04-26,GS,BUY,499.0,248.05,Citi,EQ-HK,2026-04-23,2026-04-26,GS,BUY,499.0,248.05,Citi,EQ-HK,DUP,2026-04-23,3,2-5d,123776.95,3,371330.85
T108340,2026-04-23,2026-04-26,GS,BUY,499.0,248.05,Citi,EQ-HK,2026-04-23,2026-04-26,GS,BUY,499.0,248.05,Citi,EQ-HK,DUP,2026-04-23,3,2-5d,123776.95,3,371330.85
T105438,2026-04-26,2026-04-27,TSLA,BUY,2555.0,142.93,Goldman Sachs,EQ-HK,,,,,,,,,MISSING_CUST,2026-04-26,0,0-1d,365186.15,1,365186.15
T100340,2026-04-20,2026-04-27,MSFT,SELL,4771.0,72.6,Morgan Stanley,EQ-HK,2026-04-20,2026-04-27,MSFT,SELL,5248.0,72.6,Morgan Stanley,EQ-HK,QTY_DIFF,2026-04-20,6,>5d,34630.2,10,346302.0
T107333,2026-04-23,2026-04-26,GS,BUY,1494.0,75.72,JP Morgan,EQ-NY,2026-04-23,2026-04-26,GS,BUY,1494.0,75.72,JP Morgan,EQ-NY,DUP,2026-04-23,3,2-5d,113125.68,3,339377.04
T107333,2026-04-23,2026-04-26,GS,BUY,1494.0,75.72,JP Morgan,EQ-NY,2026-04-23,2026-04-26,GS,BUY,1494.0,75.72,JP Morgan,EQ-NY,DUP,2026-04-23,3,2-5d,113125.68,3,339377.04
T102986,2026-04-24,2026-04-27,BAC,SELL,7845.0,140.07,Barclays,EQ-LDN,2026-04-24,2026-04-27,BAC,SELL,8629.0,140.07,Barclays,EQ-LDN,QTY_DIFF,2026-04-24,2,2-5d,109814.88,3,329444.64
T108001,2026-04-23,2026-04-28,GS,SELL,4577.0,235.21,JP Morgan,EQ-LDN,2026-04-23,2026-04-28,GS,SELL,5034.0,235.21,JP Morgan,EQ-LDN,QTY_DIFF,2026-04-23,3,2-5d,107490.97,3,322472.91
T102150,2026-04-23,2026-04-28,JPM,BUY,2589.0,414.26,Morgan Stanley,EQ-LDN,2026-04-23,2026-04-28,JPM,BUY,2847.0,414.26,Morgan Stanley,EQ-LDN,QTY_DIFF,2026-04-23,3,2-5d,106879.08,3,320637.24
T109837,2026-04-26,2026-04-27,VOD.L,BUY,9084.0,336.98,Goldman Sachs,EQ-NY,2026-04-26,2026-04-27,VOD.L,BUY,9992.0,336.98,Goldman Sachs,EQ-NY,QTY_DIFF,2026-04-26,0,0-1d,305977.84,1,305977.84
T101660,2026-04-17,2026-04-28,MSFT,BUY,1124.0,271.89,Barclays,EQ-LDN,2026-04-17,2026-04-28,MSFT,BUY,1236.0,271.89,Barclays,EQ-LDN,QTY_DIFF,2026-04-17,9,>5d,30451.68,10,304516.8
T108087,2026-04-22,2026-04-28,MSFT,BUY,6507.0,142.26,Morgan Stanley,EQ-NY,2026-04-22,2026-04-28,MSFT,BUY,7157.0,142.26,Morgan Stanley,EQ-NY,QTY_DIFF,2026-04-22,4,2-5d,92469.0,3,277407.0
T101076,2026-04-26,2026-04-27,AAPL,BUY,2553.0,104.66,Barclays,EQ-HK,2026-04-26,2026-04-27,AAPL,BUY,2553.0,104.66,Barclays,EQ-HK,DUP,2026-04-26,0,0-1d,267196.98,1,267196.98
T101076,2026-04-26,2026-04-27,AAPL,BUY,2553.0,104.66,Barclays,EQ-HK,2026-04-26,2026-04-27,AAPL,BUY,2553.0,104.66,Barclays,EQ-HK,DUP,2026-04-26,0,0-1d,267196.98,1,267196.98
T109694,2026-04-25,2026-04-28,MSFT,SELL,7199.0,363.21,Goldman Sachs,EQ-LDN,2026-04-25,2026-04-28,MSFT,SELL,7918.0,363.21,Goldman Sachs,EQ-LDN,QTY_DIFF,2026-04-25,1,0-1d,261147.99,1,261147.99
T108765,,,,,,,,,2026-04-25,2026-04-28,VOD.L,SELL,1405.0,175.86,Morgan Stanley,EQ-NY,MISSING_INT,2026-04-25,1,0-1d,247083.3,1,247083.3
T105349,2026-04-23,2026-04-28,JPM,BUY,8442.0,95.36,Morgan Stanley,EQ-NY,2026-04-23,2026-04-28,JPM,BUY,9286.0,95.36,Morgan Stanley,EQ-NY,QTY_DIFF,2026-04-23,3,2-5d,80483.84,3,241451.52
T107773,,,,,,,,,2026-04-25,2026-04-26,TSLA,BUY,4349.0,55.05,Citi,EQ-NY,MISSING_INT,2026-04-25,1,0-1d,239412.45,1,239412.45
T101970,2026-04-18,2026-04-27,GOOG,BUY,9651.0,493.53,UBS,EQ-LDN,2026-04-18,2026-04-27,GOOG,BUY,9651.0,495.9976,UBS,EQ-LDN,PRICE_TOL,2026-04-18,8,>5d,23814.81,10,238148.1
T105052,2026-04-24,2026-04-27,MSFT,BUY,4316.0,179.21,Goldman Sachs,EQ-NY,2026-04-24,2026-04-27,MSFT,BUY,4747.0,179.21,Goldman Sachs,EQ-NY,QTY_DIFF,2026-04-24,2,2-5d,77239.51,3,231718.53
T101377,2026-04-22,2026-04-28,VOD.L,SELL,6809.0,110.93,UBS,EQ-NY,2026-04-22,2026-04-28,VOD.L,SELL,7489.0,110.93,UBS,EQ-NY,QTY_DIFF,2026-04-22,4,2-5d,75432.4,3,226297.2
T105331,2026-04-26,2026-04-28,HSBA.L,SELL,5575.0,393.51,Barclays,EQ-HK,2026-04-26,2026-04-28,HSBA.L,SELL,6132.0,393.51,Barclays,EQ-HK,QTY_DIFF,2026-04-26,0,0-1d,219185.07,1,219185.07
T102940,2026-04-26,2026-04-27,AMZN,BUY,760.0,280.31,JP Morgan,EQ-NY,,,,,,,,,MISSING_CUST,2026-04-26,0,0-1d,213035.6,1,213035.6
T106969,2026-04-25,2026-04-26,TSLA,BUY,8356.0,253.62,Goldman Sachs,EQ-LDN,2026-04-25,2026-04-26,TSLA,BUY,9191.0,253.62,Goldman Sachs,EQ-LDN,QTY_DIFF,2026-04-25,1,0-1d,211772.7,1,211772.7
T107204,2026-04-22,2026-04-27,AAPL,SELL,256.0,272.35,UBS,EQ-HK,,,,,,,,,MISSING_CUST,2026-04-22,4,2-5d,69721.6,3,209164.8
T101176,2026-04-18,2026-04-26,GOOG,SELL,2931.0,71.11,Morgan Stanley,EQ-NY,2026-04-18,2026-04-26,GOOG,SELL,3224.0,71.11,Morgan Stanley,EQ-NY,QTY_DIFF,2026-04-18,8,>5d,20835.23,10,208352.3
T100990,2026-04-19,2026-04-28,VOD.L,BUY,738.0,279.13,Barclays,EQ-NY,2026-04-19,2026-04-28,VOD.L,BUY,811.0,279.13,Barclays,EQ-NY,QTY_DIFF,2026-04-19,7,>5d,20376.49,10,203764.9
T108232,2026-04-26,2026-04-28,VOD.L,BUY,4657.0,429.98,UBS,EQ-LDN,2026-04-26,2026-04-28,VOD.L,BUY,5122.0,429.98,UBS,EQ-LDN,QTY_DIFF,2026-04-26,0,0-1d,199940.7,1,199940.7
T109093,2026-04-25,2026-04-28,AAPL,BUY,6048.0,328.74,Morgan Stanley,EQ-LDN,2026-04-25,2026-04-28,AAPL,BUY,6652.0,328.74,Morgan Stanley,EQ-LDN,QTY_DIFF,2026-04-25,1,0-1d,198558.96,1,198558.96
T102575,2026-04-18,2026-04-27,MSFT,SELL,8384.0,471.77,JP Morgan,EQ-NY,2026-04-18,2026-04-27,MSFT,SELL,8384.0,474.1288,JP Morgan,EQ-NY,PRICE_TOL,2026-04-18,8,>5d,19776.18,10,197761.8
T101602,2026-04-18,2026-04-28,AAPL,SELL,9724.0,403.36,Goldman Sachs,EQ-LDN,2026-04-18,2026-04-28,AAPL,SELL,9724.0,405.3768,Goldman Sachs,EQ-LDN,PRICE_TOL,2026-04-18,8,>5d,19611.36,10,196113.6
T106003,2026-04-24,2026-04-28,BAC,SELL,2301.0,278.68,UBS,EQ-NY,2026-04-24,2026-04-28,BAC,SELL,2531.0,278.68,UBS,EQ-NY,QTY_DIFF,2026-04-24,2,2-5d,64096.4,3,192289.2
T100365,2026-04-26,2026-04-26,GS,SELL,9705.0,197.91,UBS,EQ-HK,2026-04-26,2026-04-26,GS,SELL,10675.0,197.91,UBS,EQ-HK,QTY_DIFF,2026-04-26,0,0-1d,191972.7,1,191972.7
T105640,2026-04-25,2026-04-28,JPM,SELL,7625.0,248.68,JP Morgan,EQ-LDN,2026-04-25,2026-04-28,JPM,SELL,8387.0,248.68,JP Morgan,EQ-LDN,QTY_DIFF,2026-04-25,1,0-1d,189494.16,1,189494.16
T101687,2026-04-19,2026-04-26,AAPL,SELL,9856.0,370.58,UBS,EQ-NY,2026-04-19,2026-04-26,AAPL,SELL,9856.0,372.4329,UBS,EQ-NY,PRICE_TOL,2026-04-19,7,>5d,18262.18,10,182621.8
T104288,2026-04-19,2026-04-27,GS,BUY,3215.0,56.57,Morgan Stanley,EQ-LDN,2026-04-19,2026-04-27,GS,BUY,3536.0,56.57,Morgan Stanley,EQ-LDN,QTY_DIFF,2026-04-19,7,>5d,18158.97,10,181589.7
T107281,2026-04-25,2026-04-28,GOOG,SELL,8508.0,208.64,Citi,EQ-HK,2026-04-25,2026-04-28,GOOG,SELL,9358.0,208.64,Citi,EQ-HK,QTY_DIFF,2026-04-25,1,0-1d,177344.0,1,177344.0
T109650,2026-04-24,2026-04-26,AMZN,BUY,2276.0,227.53,Morgan Stanley,EQ-HK,2026-04-24,2026-04-26,AMZN,BUY,2503.0,227.53,Morgan Stanley,EQ-HK,QTY_DIFF,2026-04-24,2,2-5d,51649.31,3,154947.93
T103838,2026-04-20,2026-04-27,VOD.L,BUY,9697.0,316.78,Morgan Stanley,EQ-LDN,2026-04-20,2026-04-27,VOD.L,BUY,9697.0,318.3639,Morgan Stanley,EQ-LDN,PRICE_TOL,2026-04-20,6,>5d,15359.08,10,153590.8
T104413,2026-04-22,2026-04-26,GS,SELL,4042.0,125.78,UBS,EQ-LDN,2026-04-22,2026-04-26,GS,SELL,4446.0,125.78,UBS,EQ-LDN,QTY_DIFF,2026-04-22,4,2-5d,50815.12,3,152445.36
T102837,2026-04-24,2026-04-27,GOOG,BUY,6439.0,78.39,Citi,EQ-HK,2026-04-24,2026-04-27,GOOG,BUY,7082.0,78.39,Citi,EQ-HK,QTY_DIFF,2026-04-24,2,2-5d,50404.77,3,151214.31
T103949,2026-04-19,2026-04-27,AAPL,BUY,8301.0,357.01,JP Morgan,EQ-LDN,2026-04-19,2026-04-27,AAPL,BUY,8301.0,358.795,JP Morgan,EQ-LDN,PRICE_TOL,2026-04-19,7,>5d,14817.29,10,148172.9
T105236,2026-04-24,2026-04-26,VOD.L,SELL,4733.0,103.36,Morgan Stanley,EQ-LDN,2026-04-24,2026-04-26,VOD.L,SELL,5206.0,103.36,Morgan Stanley,EQ-LDN,QTY_DIFF,2026-04-24,2,2-5d,48889.28,3,146667.84
T104959,2026-04-25,2026-04-26,GOOG,BUY,4005.0,366.64,UBS,EQ-HK,2026-04-25,2026-04-26,GOOG,BUY,4405.0,366.64,UBS,EQ-HK,QTY_DIFF,2026-04-25,1,0-1d,146656.0,1,146656.0
T101824,2026-04-25,2026-04-28,JPM,SELL,536.0,273.43,Citi,EQ-LDN,,,,,,,,,MISSING_CUST,2026-04-25,1,0-1d,146558.48,1,146558.48
T108353,2026-04-21,2026-04-26,BAC,SELL,1903.0,248.53,UBS,EQ-LDN,2026-04-21,2026-04-26,BAC,SELL,2093.0,248.53,UBS,EQ-LDN,QTY_DIFF,2026-04-21,5,2-5d,47220.7,3,141662.1
T101025,2026-04-18,2026-04-27,MSFT,BUY,6937.0,407.4,Citi,EQ-LDN,2026-04-18,2026-04-27,MSFT,BUY,6937.0,409.437,Citi,EQ-LDN,PRICE_TOL,2026-04-18,8,>5d,14130.67,10,141306.7
T105657,2026-04-18,2026-04-28,BAC,BUY,9910.0,284.87,Morgan Stanley,EQ-LDN,2026-04-18,2026-04-28,BAC,BUY,9910.0,286.2943,Morgan Stanley,EQ-LDN,PRICE_TOL,2026-04-18,8,>5d,14114.81,10,141148.1
T105320,2026-04-21,2026-04-26,MSFT,BUY,2648.0,166.78,UBS,EQ-LDN,2026-04-21,2026-04-26,MSFT,BUY,2912.0,166.78,UBS,EQ-LDN,QTY_DIFF,2026-04-21,5,2-5d,44029.92,3,132089.76
T106932,2026-04-23,2026-04-27,AAPL,BUY,5711.0,77.1,JP Morgan,EQ-HK,2026-04-23,2026-04-27,AAPL,BUY,6282.0,77.1,JP Morgan,EQ-HK,QTY_DIFF,2026-04-23,3,2-5d,44024.1,3,132072.3
T104824,2026-04-25,2026-04-28,VOD.L,BUY,6495.0,201.23,JP Morgan,EQ-HK,2026-04-25,2026-04-28,VOD.L,BUY,7144.0,201.23,JP Morgan,EQ-HK,QTY_DIFF,2026-04-25,1,0-1d,130598.27,1,130598.27
T106990,2026-04-23,2026-04-27,AMZN,SELL,7139.0,60.91,JP Morgan,EQ-HK,2026-04-23,2026-04-27,AMZN,SELL,7852.0,60.91,JP Morgan,EQ-HK,QTY_DIFF,2026-04-23,3,2-5d,43428.83,3,130286.49
T108836,2026-04-23,2026-04-26,VOD.L,BUY,683.0,63.54,JP Morgan,EQ-NY,2026-04-23,2026-04-26,VOD.L,BUY,683.0,63.54,JP Morgan,EQ-NY,DUP,2026-04-23,3,2-5d,43397.82,3,130193.46
T108836,2026-04-23,2026-04-26,VOD.L,BUY,683.0,63.54,JP Morgan,EQ-NY,2026-04-23,2026-04-26,VOD.L,BUY,683.0,63.54,JP Morgan,EQ-NY,DUP,2026-04-23,3,2-5d,43397.82,3,130193.46
T103297,2026-04-19,2026-04-26,GS,SELL,9613.0,266.73,Morgan Stanley,EQ-NY,2026-04-19,2026-04-26,GS,SELL,9613.0,268.0636,Morgan Stanley,EQ-NY,PRICE_TOL,2026-04-19,7,>5d,12819.9,10,128199.0
T108356,2026-04-24,2026-04-26,VOD.L,BUY,638.0,61.65,Barclays,EQ-NY,2026-04-24,2026-04-26,VOD.L,BUY,638.0,61.65,Barclays,EQ-NY,DUP,2026-04-24,2,2-5d,39332.7,3,117998.1
T108356,2026-04-24,2026-04-26,VOD.L,BUY,638.0,61.65,Barclays,EQ-NY,2026-04-24,2026-04-26,VOD.L,BUY,638.0,61.65,Barclays,EQ-NY,DUP,2026-04-24,2,2-5d,39332.7,3,117998.1
T107940,2026-04-26,2026-04-28,JPM,SELL,408.0,283.1,UBS,EQ-HK,,,,,,,,,MISSING_CUST,2026-04-26,0,0-1d,115504.8,1,115504.8
T106663,2026-04-18,2026-04-26,BAC,SELL,7710.0,294.89,Morgan Stanley,EQ-NY,2026-04-18,2026-04-26,BAC,SELL,7710.0,296.3644,Morgan Stanley,EQ-NY,PRICE_TOL,2026-04-18,8,>5d,11367.62,10,113676.2
T109507,2026-04-21,2026-04-26,GOOG,BUY,760.0,497.98,Goldman Sachs,EQ-NY,2026-04-21,2026-04-26,GOOG,BUY,836.0,497.98,Goldman Sachs,EQ-NY,QTY_DIFF,2026-04-21,5,2-5d,37846.48,3,113539.44
T105339,2026-04-23,2026-04-26,BAC,BUY,959.0,348.19,UBS,EQ-LDN,2026-04-23,2026-04-26,BAC,BUY,1054.0,348.19,UBS,EQ-LDN,QTY_DIFF,2026-04-23,3,2-5d,33078.05,3,99234.15
T107997,2026-04-18,2026-04-27,VOD.L,BUY,3975.0,478.4,Morgan Stanley,EQ-LDN,2026-04-18,2026-04-27,VOD.L,BUY,3975.0,480.792,Morgan Stanley,EQ-LDN,PRICE_TOL,2026-04-18,8,>5d,9508.2,10,95082.0
T106819,2026-04-22,2026-04-26,TSLA,SELL,843.0,344.24,Barclays,EQ-HK,2026-04-22,2026-04-26,TSLA,SELL,927.0,344.24,Barclays,EQ-HK,QTY_DIFF,2026-04-22,4,2-5d,28916.16,3,86748.48
T100182,2026-04-26,2026-04-28,BAC,BUY,5090.0,170.37,Morgan Stanley,EQ-HK,2026-04-26,2026-04-28,BAC,BUY,5599.0,170.37,Morgan Stanley,EQ-HK,QTY_DIFF,2026-04-26,0,0-1d,86718.33,1,86718.33
T107345,2026-04-25,2026-04-28,GS,SELL,6992.0,122.49,Morgan Stanley,EQ-LDN,2026-04-25,2026-04-28,GS,SELL,7691.0,122.49,Morgan Stanley,EQ-LDN,QTY_DIFF,2026-04-25,1,0-1d,85620.51,1,85620.51
T102882,2026-04-18,2026-04-26,BAC,SELL,5602.0,303.09,Morgan Stanley,EQ-HK,2026-04-18,2026-04-26,BAC,SELL,5602.0,304.6054,Morgan Stanley,EQ-HK,PRICE_TOL,2026-04-18,8,>5d,8489.27,10,84892.7
T102794,2026-04-17,2026-04-26,HSBA.L,SELL,7390.0,216.68,Barclays,EQ-LDN,2026-04-17,2026-04-26,HSBA.L,SELL,7390.0,217.7634,Barclays,EQ-LDN,PRICE_TOL,2026-04-17,9,>5d,8006.33,10,80063.3
T101275,2026-04-26,2026-04-27,GS,SELL,192.0,412.65,Barclays,EQ-HK,,,,,,,,,MISSING_CUST,2026-04-26,0,0-1d,79228.8,1,79228.8
T107463,2026-04-21,2026-04-27,TSLA,SELL,2255.0,111.22,JP Morgan,EQ-LDN,2026-04-21,2026-04-27,TSLA,SELL,2480.0,111.22,JP Morgan,EQ-LDN,QTY_DIFF,2026-04-21,5,2-5d,25024.5,3,75073.5
T104943,2026-04-18,2026-04-28,VOD.L,BUY,7711.0,192.71,Citi,EQ-LDN,2026-04-18,2026-04-28,VOD.L,BUY,7711.0,193.6735,Citi,EQ-LDN,PRICE_TOL,2026-04-18,8,>5d,7429.55,10,74295.5
T104653,2026-04-21,2026-04-28,AAPL,BUY,4023.0,58.4,JP Morgan,EQ-LDN,2026-04-21,2026-04-28,AAPL,BUY,4425.0,58.4,JP Morgan,EQ-LDN,QTY_DIFF,2026-04-21,5,2-5d,23476.8,3,70430.4
T105182,2026-04-20,2026-04-26,GS,SELL,7212.0,187.4,Citi,EQ-NY,2026-04-20,2026-04-26,GS,SELL,7212.0,188.337,Citi,EQ-NY,PRICE_TOL,2026-04-20,6,>5d,6757.64,10,67576.4
T101246,2026-04-23,2026-04-28,TSLA,BUY,9142.0,487.63,Morgan Stanley,EQ-LDN,2026-04-23,2026-04-28,TSLA,BUY,9142.0,490.0681,Morgan Stanley,EQ-LDN,PRICE_TOL,2026-04-23,3,2-5d,22289.11,3,66867.33
T103353,2026-04-20,2026-04-27,VOD.L,SELL,6672.0,199.33,Morgan Stanley,EQ-NY,2026-04-20,2026-04-27,VOD.L,SELL,6672.0,200.3266,Morgan Stanley,EQ-NY,PRICE_TOL,2026-04-20,6,>5d,6649.32,10,66493.2
T103953,2026-04-20,2026-04-26,TSLA,BUY,2814.0,469.56,UBS,EQ-HK,2026-04-20,2026-04-26,TSLA,BUY,2814.0,471.9078,UBS,EQ-HK,PRICE_TOL,2026-04-20,6,>5d,6606.71,10,66067.1
T105789,2026-04-19,2026-04-28,GS,SELL,6800.0,188.25,JP Morgan,EQ-HK,2026-04-19,2026-04-28,GS,SELL,6800.0,189.1912,JP Morgan,EQ-HK,PRICE_TOL,2026-04-19,7,>5d,6400.16,10,64001.6
T100402,2026-04-20,2026-04-28,AMZN,BUY,4063.0,302.23,UBS,EQ-LDN,2026-04-20,2026-04-28,AMZN,BUY,4063.0,303.7412,UBS,EQ-LDN,PRICE_TOL,2026-04-20,6,>5d,6140.01,10,61400.1
T107106,2026-04-21,2026-04-28,TSLA,BUY,9300.0,431.24,JP Morgan,EQ-LDN,2026-04-21,2026-04-28,TSLA,BUY,9300.0,433.3962,JP Morgan,EQ-LDN,PRICE_TOL,2026-04-21,5,2-5d,20052.66,3,60157.98
T109846,2026-04-25,2026-04-27,GOOG,SELL,357.0,161.27,Goldman Sachs,EQ-LDN,,,,,,,,,MISSING_CUST,2026-04-25,1,0-1d,57573.39,1,57573.39
T100890,2026-04-25,2026-04-26,GS,SELL,2554.0,224.42,UBS,EQ-LDN,2026-04-25,2026-04-26,GS,SELL,2809.0,224.42,UBS,EQ-LDN,QTY_DIFF,2026-04-25,1,0-1d,57227.1,1,57227.1
T103879,2026-04-23,2026-04-26,MSFT,SELL,7540.0,499.47,Citi,EQ-HK,2026-04-23,2026-04-26,MSFT,SELL,7540.0,501.9674,Citi,EQ-HK,PRICE_TOL,2026-04-23,3,2-5d,18830.4,3,56491.2
T100671,2026-04-26,2026-04-27,BAC,BUY,3597.0,147.91,JP Morgan,EQ-LDN,2026-04-26,2026-04-27,BAC,BUY,3956.0,147.91,JP Morgan,EQ-LDN,QTY_DIFF,2026-04-26,0,0-1d,53099.69,1,53099.69
T103392,2026-04-17,2026-04-27,GOOG,BUY,2889.0,364.68,Citi,EQ-NY,2026-04-17,2026-04-27,GOOG,BUY,2889.0,366.5034,Citi,EQ-NY,PRICE_TOL,2026-04-17,9,>5d,5267.8,10,52678.0
T100400,2026-04-22,2026-04-28,AAPL,SELL,7867.0,442.69,JP Morgan,EQ-LDN,2026-04-22,2026-04-28,AAPL,SELL,7867.0,444.9034,JP Morgan,EQ-LDN,PRICE_TOL,2026-04-22,4,2-5d,17412.82,3,52238.46
T107978,2026-04-24,2026-04-27,JPM,SELL,7983.0,432.08,JP Morgan,EQ-NY,2026-04-24,2026-04-27,JPM,SELL,7983.0,434.2404,JP Morgan,EQ-NY,PRICE_TOL,2026-04-24,2,2-5d,17246.47,3,51739.41
T109763,2026-04-24,2026-04-28,VOD.L,SELL,7104.0,479.17,Citi,EQ-LDN,2026-04-24,2026-04-28,VOD.L,SELL,7104.0,481.5658,Citi,EQ-LDN,PRICE_TOL,2026-04-24,2,2-5d,17019.76,3,51059.28
T106261,2026-04-20,2026-04-28,MSFT,BUY,8368.0,111.36,UBS,EQ-NY,2026-04-20,2026-04-28,MSFT,BUY,8368.0,111.9168,UBS,EQ-NY,PRICE_TOL,2026-04-20,6,>5d,4659.3,10,46593.0
T109607,2026-04-26,2026-04-26,BAC,SELL,4240.0,107.8,Goldman Sachs,EQ-HK,2026-04-26,2026-04-26,BAC,SELL,4664.0,107.8,Goldman Sachs,EQ-HK,QTY_DIFF,2026-04-26,0,0-1d,45707.2,1,45707.2
T101413,2026-04-24,2026-04-28,JPM,BUY,470.0,323.65,Morgan Stanley,EQ-HK,2026-04-24,2026-04-28,JPM,BUY,517.0,323.65,Morgan Stanley,EQ-HK,QTY_DIFF,2026-04-24,2,2-5d,15211.55,3,45634.65
T102611,2026-04-25,2026-04-28,AAPL,SELL,1397.0,307.09,UBS,EQ-HK,2026-04-25,2026-04-28,AAPL,SELL,1536.0,307.09,UBS,EQ-HK,QTY_DIFF,2026-04-25,1,0-1d,42685.51,1,42685.51
T102254,2026-04-22,2026-04-26,GOOG,BUY,6701.0,415.68,JP Morgan,EQ-HK,2026-04-22,2026-04-26,GOOG,BUY,6701.0,417.7584,JP Morgan,EQ-HK,PRICE_TOL,2026-04-22,4,2-5d,13927.36,3,41782.08
T107620,,,,,,,,,2026-04-22,2026-04-28,GS,SELL,145.0,94.55,Goldman Sachs,EQ-HK,MISSING_INT,2026-04-22,4,2-5d,13709.75,3,41129.25
T106427,2026-04-22,2026-04-27,VOD.L,SELL,7152.0,378.24,Barclays,EQ-NY,2026-04-22,2026-04-27,VOD.L,SELL,7152.0,380.1312,Barclays,EQ-NY,PRICE_TOL,2026-04-22,4,2-5d,13525.86,3,40577.58
T107817,2026-04-22,2026-04-28,TSLA,SELL,5529.0,468.75,Goldman Sachs,EQ-NY,2026-04-22,2026-04-28,TSLA,SELL,5529.0,471.0937,Goldman Sachs,EQ-NY,PRICE_TOL,2026-04-22,4,2-5d,12958.32,3,38874.96
T105392,2026-04-22,2026-04-28,JPM,SELL,5138.0,490.91,JP Morgan,EQ-NY,2026-04-22,2026-04-28,JPM,SELL,5138.0,493.3645,JP Morgan,EQ-NY,PRICE_TOL,2026-04-22,4,2-5d,12611.22,3,37833.66
T107239,2026-04-17,2026-04-28,MSFT,BUY,5024.0,145.66,UBS,EQ-HK,2026-04-17,2026-04-28,MSFT,BUY,5024.0,146.3883,UBS,EQ-HK,PRICE_TOL,2026-04-17,9,>5d,3658.98,10,36589.8
T101754,2026-04-18,2026-04-26,BAC,BUY,372.0,97.63,Citi,EQ-LDN,2026-04-18,2026-04-26,BAC,BUY,409.0,97.63,Citi,EQ-LDN,QTY_DIFF,2026-04-18,8,>5d,3612.31,10,36123.1
T108760,2026-04-23,2026-04-26,GS,BUY,6293.0,378.15,Goldman Sachs,EQ-HK,2026-04-23,2026-04-26,GS,BUY,6293.0,380.0407,Goldman Sachs,EQ-HK,PRICE_TOL,2026-04-23,3,2-5d,11898.18,3,35694.54
T102912,2026-04-17,2026-04-26,TSLA,BUY,9118.0,76.47,JP Morgan,EQ-NY,2026-04-17,2026-04-26,TSLA,BUY,9118.0,76.8523,JP Morgan,EQ-NY,PRICE_TOL,2026-04-17,9,>5d,3485.81,10,34858.1
T108593,2026-04-21,2026-04-26,JPM,BUY,7988.0,290.26,Morgan Stanley,EQ-LDN,2026-04-21,2026-04-26,JPM,BUY,7988.0,291.7113,Morgan Stanley,EQ-LDN,PRICE_TOL,2026-04-21,5,2-5d,11592.98,3,34778.94
T102489,2026-04-21,2026-04-26,AAPL,BUY,7311.0,314.8,UBS,EQ-NY,2026-04-21,2026-04-26,AAPL,BUY,7311.0,316.374,UBS,EQ-NY,PRICE_TOL,2026-04-21,5,2-5d,11507.51,3,34522.53
T109695,2026-04-24,2026-04-26,GOOG,BUY,6521.0,345.22,Barclays,EQ-HK,2026-04-24,2026-04-26,GOOG,BUY,6521.0,346.9461,Barclays,EQ-HK,PRICE_TOL,2026-04-24,2,2-5d,11255.9,3,33767.7
T101269,2026-04-22,2026-04-26,MSFT,SELL,9339.0,227.09,Morgan Stanley,EQ-NY,2026-04-22,2026-04-26,MSFT,SELL,9339.0,228.2254,Morgan Stanley,EQ-NY,PRICE_TOL,2026-04-22,4,2-5d,10603.5,3,31810.5
T108576,2026-04-18,2026-04-28,MSFT,BUY,2243.0,272.46,Goldman Sachs,EQ-LDN,2026-04-18,2026-04-28,MSFT,BUY,2243.0,273.8223,Goldman Sachs,EQ-LDN,PRICE_TOL,2026-04-18,8,>5d,3055.64,10,30556.4
T105518,2026-04-22,2026-04-28,AMZN,SELL,6215.0,327.07,Morgan Stanley,EQ-HK,2026-04-22,2026-04-28,AMZN,SELL,6215.0,328.7053,Morgan Stanley,EQ-HK,PRICE_TOL,2026-04-22,4,2-5d,10163.39,3,30490.17
T101089,2026-04-25,2026-04-26,HSBA.L,BUY,910.0,332.96,JP Morgan,EQ-NY,2026-04-25,2026-04-26,HSBA.L,BUY,1001.0,332.96,JP Morgan,EQ-NY,QTY_DIFF,2026-04-25,1,0-1d,30299.36,1,30299.36
T102098,2026-04-20,2026-04-27,VOD.L,BUY,7573.0,76.08,Goldman Sachs,EQ-LDN,2026-04-20,2026-04-27,VOD.L,BUY,7573.0,76.4604,Goldman Sachs,EQ-LDN,PRICE_TOL,2026-04-20,6,>5d,2880.77,10,28807.7
T105466,2026-04-22,2026-04-26,TSLA,BUY,8022.0,221.04,Barclays,EQ-LDN,2026-04-22,2026-04-26,TSLA,BUY,8022.0,222.1452,Barclays,EQ-LDN,PRICE_TOL,2026-04-22,4,2-5d,8865.91,3,26597.73
T106606,2026-04-24,2026-04-27,BAC,BUY,9985.0,172.73,UBS,EQ-HK,2026-04-24,2026-04-27,BAC,BUY,9985.0,173.5936,UBS,EQ-HK,PRICE_TOL,2026-04-24,2,2-5d,8623.05,3,25869.15
T100776,2026-04-23,2026-04-26,MSFT,BUY,589.0,141.04,Citi,EQ-HK,2026-04-23,2026-04-26,MSFT,BUY,647.0,141.04,Citi,EQ-HK,QTY_DIFF,2026-04-23,3,2-5d,8180.32,3,24540.96
T103015,2026-04-24,2026-04-28,HSBA.L,BUY,6559.0,239.76,Barclays,EQ-NY,2026-04-24,2026-04-28,HSBA.L,BUY,6559.0,240.9588,Barclays,EQ-NY,PRICE_TOL,2026-04-24,2,2-5d,7862.93,3,23588.79
T102850,2026-04-24,2026-04-26,TSLA,SELL,7034.0,223.44,UBS,EQ-HK,2026-04-24,2026-04-26,TSLA,SELL,7034.0,224.5572,UBS,EQ-HK,PRICE_TOL,2026-04-24,2,2-5d,7858.38,3,23575.14
T103174,2026-04-21,2026-04-27,BAC,BUY,6700.0,224.55,UBS,EQ-NY,2026-04-21,2026-04-27,BAC,BUY,6700.0,225.6728,UBS,EQ-NY,PRICE_TOL,2026-04-21,5,2-5d,7522.76,3,22568.28
T106875,2026-04-21,2026-04-28,JPM,BUY,8275.0,164.35,JP Morgan,EQ-LDN,2026-04-21,2026-04-28,JPM,BUY,8275.0,165.1717,JP Morgan,EQ-LDN,PRICE_TOL,2026-04-21,5,2-5d,6799.57,3,20398.71
T108993,2026-04-24,2026-04-27,AAPL,SELL,3417.0,397.91,UBS,EQ-NY,2026-04-24,2026-04-27,AAPL,SELL,3417.0,399.8995,UBS,EQ-NY,PRICE_TOL,2026-04-24,2,2-5d,6798.12,3,20394.36
T102997,2026-04-26,2026-04-26,MSFT,SELL,1830.0,105.6,JP Morgan,EQ-LDN,2026-04-26,2026-04-26,MSFT,SELL,2013.0,105.6,JP Morgan,EQ-LDN,QTY_DIFF,2026-04-26,0,0-1d,19324.8,1,19324.8
T103153,2026-04-20,2026-04-26,BAC,BUY,6808.0,55.91,Morgan Stanley,EQ-LDN,2026-04-20,2026-04-26,BAC,BUY,6808.0,56.1895,Morgan Stanley,EQ-LDN,PRICE_TOL,2026-04-20,6,>5d,1902.84,10,19028.4
T105757,2026-04-21,2026-04-28,VOD.L,BUY,8921.0,137.2,Citi,EQ-HK,2026-04-21,2026-04-28,VOD.L,BUY,8921.0,137.886,Citi,EQ-HK,PRICE_TOL,2026-04-21,5,2-5d,6119.81,3,18359.43
T102981,2026-04-23,2026-04-28,HSBA.L,BUY,4294.0,284.89,JP Morgan,EQ-HK,2026-04-23,2026-04-28,HSBA.L,BUY,4294.0,286.3144,JP Morgan,EQ-HK,PRICE_TOL,2026-04-23,3,2-5d,6116.37,3,18349.11
T101828,2026-04-19,2026-04-28,GOOG,SELL,5774.0,59.51,Morgan Stanley,EQ-NY,2026-04-19,2026-04-28,GOOG,SELL,5774.0,59.8075,Morgan Stanley,EQ-NY,PRICE_TOL,2026-04-19,7,>5d,1717.76,10,17177.6
T106501,2026-04-19,2026-04-28,TSLA,SELL,2092.0,160.36,JP Morgan,EQ-LDN,2026-04-19,2026-04-28,TSLA,SELL,2092.0,161.1618,JP Morgan,EQ-LDN,PRICE_TOL,2026-04-19,7,>5d,1677.37,10,16773.7
T107211,2026-04-26,2026-04-27,GS,BUY,1765.0,91.05,Goldman Sachs,EQ-HK,2026-04-26,2026-04-27,GS,BUY,1941.0,91.05,Goldman Sachs,EQ-HK,QTY_DIFF,2026-04-26,0,0-1d,16024.8,1,16024.8
T106126,2026-04-18,2026-04-27,TSLA,SELL,640.0,499.41,UBS,EQ-HK,2026-04-18,2026-04-27,TSLA,SELL,640.0,501.907,UBS,EQ-HK,PRICE_TOL,2026-04-18,8,>5d,1598.08,10,15980.8
T106904,2026-04-23,2026-04-27,MSFT,SELL,3201.0,292.9,Citi,EQ-LDN,2026-04-23,2026-04-27,MSFT,SELL,3201.0,294.3645,Citi,EQ-LDN,PRICE_TOL,2026-04-23,3,2-5d,4687.86,3,14063.58
T101221,2026-04-21,2026-04-28,HSBA.L,SELL,2457.0,381.17,JP Morgan,EQ-HK,2026-04-21,2026-04-28,HSBA.L,SELL,2457.0,383.0758,JP Morgan,EQ-HK,PRICE_TOL,2026-04-21,5,2-5d,4682.55,3,14047.65
T107985,2026-04-21,2026-04-26,BAC,BUY,110.0,409.59,UBS,EQ-HK,2026-04-21,2026-04-26,BAC,BUY,121.0,409.59,UBS,EQ-HK,QTY_DIFF,2026-04-21,5,2-5d,4505.49,3,13516.47
T108248,2026-04-21,2026-04-27,TSLA,BUY,1771.0,498.56,Goldman Sachs,EQ-LDN,2026-04-21,2026-04-27,TSLA,BUY,1771.0,501.0528,Goldman Sachs,EQ-LDN,PRICE_TOL,2026-04-21,5,2-5d,4414.75,3,13244.25
T102474,2026-04-26,2026-04-27,GS,BUY,5227.0,474.46,Barclays,EQ-NY,2026-04-26,2026-04-27,GS,BUY,5227.0,476.8323,Barclays,EQ-NY,PRICE_TOL,2026-04-26,0,0-1d,12400.01,1,12400.01
T105059,2026-04-25,2026-04-26,AMZN,SELL,5104.0,480.79,UBS,EQ-NY,2026-04-25,2026-04-26,AMZN,SELL,5104.0,483.194,UBS,EQ-NY,PRICE_TOL,2026-04-25,1,0-1d,12270.02,1,12270.02
T107802,2026-04-21,2026-04-28,GOOG,SELL,2140.0,376.94,UBS,EQ-HK,2026-04-21,2026-04-28,GOOG,SELL,2140.0,378.8247,UBS,EQ-HK,PRICE_TOL,2026-04-21,5,2-5d,4033.26,3,12099.78
T109618,2026-04-23,2026-04-26,AMZN,SELL,7250.0,111.26,JP Morgan,EQ-LDN,2026-04-23,2026-04-26,AMZN,SELL,7250.0,111.8163,JP Morgan,EQ-LDN,PRICE_TOL,2026-04-23,3,2-5d,4033.17,3,12099.51
T108988,2026-04-25,2026-04-26,GS,BUY,6638.0,352.17,UBS,EQ-LDN,2026-04-25,2026-04-26,GS,BUY,6638.0,353.9308,UBS,EQ-LDN,PRICE_TOL,2026-04-25,1,0-1d,11688.19,1,11688.19
T100092,2026-04-22,2026-04-27,BAC,SELL,9338.0,83.24,Morgan Stanley,EQ-HK,2026-04-22,2026-04-27,BAC,SELL,9338.0,83.6562,Morgan Stanley,EQ-HK,PRICE_TOL,2026-04-22,4,2-5d,3886.48,3,11659.44
T105960,2026-04-18,2026-04-28,VOD.L,BUY,757.0,297.27,Goldman Sachs,EQ-NY,2026-04-18,2026-04-28,VOD.L,BUY,757.0,298.7563,Goldman Sachs,EQ-NY,PRICE_TOL,2026-04-18,8,>5d,1125.13,10,11251.3
T109483,2026-04-24,2026-04-27,GOOG,BUY,1460.0,490.29,UBS,EQ-LDN,2026-04-24,2026-04-27,GOOG,BUY,1460.0,492.7414,UBS,EQ-LDN,PRICE_TOL,2026-04-24,2,2-5d,3579.04,3,10737.12
T101317,2026-04-25,2026-04-28,VOD.L,SELL,4168.0,483.28,JP Morgan,EQ-LDN,2026-04-25,2026-04-28,VOD.L,SELL,4168.0,485.6964,JP Morgan,EQ-LDN,PRICE_TOL,2026-04-25,1,0-1d,10071.56,1,10071.56
T105160,2026-04-23,2026-04-28,BAC,SELL,7954.0,80.76,Citi,EQ-LDN,2026-04-23,2026-04-28,BAC,SELL,7954.0,81.1638,Citi,EQ-LDN,PRICE_TOL,2026-04-23,3,2-5d,3211.83,3,9635.49
T108590,2026-04-25,2026-04-26,AAPL,SELL,9029.0,212.07,Barclays,EQ-NY,2026-04-25,2026-04-26,AAPL,SELL,9029.0,213.1303,Barclays,EQ-NY,PRICE_TOL,2026-04-25,1,0-1d,9573.45,1,9573.45
T101407,2026-04-18,2026-04-28,AAPL,BUY,1331.0,141.03,Goldman Sachs,EQ-HK,2026-04-18,2026-04-28,AAPL,BUY,1331.0,141.7351,Goldman Sachs,EQ-HK,PRICE_TOL,2026-04-18,8,>5d,938.49,10,9384.9
T105407,2026-04-23,2026-04-27,JPM,SELL,2868.0,214.94,JP Morgan,EQ-NY,2026-04-23,2026-04-27,JPM,SELL,2868.0,216.0147,JP Morgan,EQ-NY,PRICE_TOL,2026-04-23,3,2-5d,3082.24,3,9246.72
T100133,2026-04-21,2026-04-26,MSFT,SELL,5183.0,116.05,Citi,EQ-LDN,2026-04-21,2026-04-26,MSFT,SELL,5183.0,116.6302,Citi,EQ-LDN,PRICE_TOL,2026-04-21,5,2-5d,3007.18,3,9021.54
T100305,2026-04-26,2026-04-28,AAPL,SELL,4465.0,401.88,Goldman Sachs,EQ-HK,2026-04-26,2026-04-28,AAPL,SELL,4465.0,403.8894,Goldman Sachs,EQ-HK,PRICE_TOL,2026-04-26,0,0-1d,8971.97,1,8971.97
T109020,2026-04-26,2026-04-28,BAC,SELL,6521.0,262.46,Barclays,EQ-NY,2026-04-26,2026-04-28,BAC,SELL,6521.0,263.7723,Barclays,EQ-NY,PRICE_TOL,2026-04-26,0,0-1d,8557.51,1,8557.51
T109603,2026-04-26,2026-04-28,JPM,SELL,7931.0,211.88,Goldman Sachs,EQ-HK,2026-04-26,2026-04-28,JPM,SELL,7931.0,212.9394,Goldman Sachs,EQ-HK,PRICE_TOL,2026-04-26,0,0-1d,8402.1,1,8402.1
T106253,2026-04-23,2026-04-27,AMZN,BUY,2267.0,244.59,JP Morgan,EQ-NY,2026-04-23,2026-04-27,AMZN,BUY,2267.0,245.8129,JP Morgan,EQ-NY,PRICE_TOL,2026-04-23,3,2-5d,2772.31,3,8316.93
T109346,2026-04-22,2026-04-28,VOD.L,SELL,4401.0,119.47,JP Morgan,EQ-NY,2026-04-22,2026-04-28,VOD.L,SELL,4401.0,120.0674,JP Morgan,EQ-NY,PRICE_TOL,2026-04-22,4,2-5d,2629.16,3,7887.48
T106349,2026-04-21,2026-04-26,BAC,BUY,1157.0,453.89,Morgan Stanley,EQ-NY,2026-04-21,2026-04-26,BAC,BUY,1157.0,456.1594,Morgan Stanley,EQ-NY,PRICE_TOL,2026-04-21,5,2-5d,2625.7,3,7877.1
T101502,2026-04-23,2026-04-28,AAPL,BUY,3118.0,167.91,Morgan Stanley,EQ-HK,2026-04-23,2026-04-28,AAPL,BUY,3118.0,168.7495,Morgan Stanley,EQ-HK,PRICE_TOL,2026-04-23,3,2-5d,2617.56,3,7852.68
T103792,2026-04-23,2026-04-26,AAPL,SELL,2112.0,245.49,UBS,EQ-HK,2026-04-23,2026-04-26,AAPL,SELL,2112.0,246.7174,UBS,EQ-HK,PRICE_TOL,2026-04-23,3,2-5d,2592.27,3,7776.81
T109190,2026-04-21,2026-04-28,VOD.L,BUY,2040.0,253.21,Goldman Sachs,EQ-HK,2026-04-21,2026-04-28,VOD.L,BUY,2040.0,254.476,Goldman Sachs,EQ-HK,PRICE_TOL,2026-04-21,5,2-5d,2582.64,3,7747.92
T100971,2026-04-26,2026-04-28,BAC,BUY,9488.0,156.31,Goldman Sachs,EQ-NY,2026-04-26,2026-04-28,BAC,BUY,9488.0,157.0915,Goldman Sachs,EQ-NY,PRICE_TOL,2026-04-26,0,0-1d,7414.87,1,7414.87
T107699,2026-04-19,2026-04-27,AAPL,BUY,333.0,424.3,JP Morgan,EQ-LDN,2026-04-19,2026-04-27,AAPL,BUY,333.0,426.4215,JP Morgan,EQ-LDN,PRICE_TOL,2026-04-19,7,>5d,706.46,10,7064.6
T100488,2026-04-23,2026-04-27,AAPL,SELL,5104.0,83.58,Morgan Stanley,EQ-HK,2026-04-23,2026-04-27,AAPL,SELL,5104.0,83.9979,Morgan Stanley,EQ-HK,PRICE_TOL,2026-04-23,3,2-5d,2132.96,3,6398.88
T103511,2026-04-24,2026-04-27,GS,BUY,1132.0,313.08,Barclays,EQ-LDN,2026-04-24,2026-04-27,GS,BUY,1132.0,314.6454,Barclays,EQ-LDN,PRICE_TOL,2026-04-24,2,2-5d,1772.03,3,5316.09
T109551,2026-04-25,2026-04-28,JPM,BUY,7873.0,134.57,Goldman Sachs,EQ-LDN,2026-04-25,2026-04-28,JPM,BUY,7873.0,135.2428,Goldman Sachs,EQ-LDN,PRICE_TOL,2026-04-25,1,0-1d,5296.95,1,5296.95
T101218,2026-04-22,2026-04-28,AMZN,BUY,1498.0,227.31,Barclays,EQ-HK,2026-04-22,2026-04-28,AMZN,BUY,1498.0,228.4465,Barclays,EQ-HK,PRICE_TOL,2026-04-22,4,2-5d,1702.48,3,5107.44
T105838,2026-04-19,2026-04-28,BAC,BUY,472.0,216.38,Morgan Stanley,EQ-HK,2026-04-19,2026-04-28,BAC,BUY,472.0,217.4619,Morgan Stanley,EQ-HK,PRICE_TOL,2026-04-19,7,>5d,510.66,10,5106.6
T107962,2026-04-26,2026-04-27,HSBA.L,SELL,3353.0,273.29,Morgan Stanley,EQ-NY,2026-04-26,2026-04-27,HSBA.L,SELL,3353.0,274.6564,Morgan Stanley,EQ-NY,PRICE_TOL,2026-04-26,0,0-1d,4581.54,1,4581.54
T101656,2026-04-21,2026-04-26,VOD.L,BUY,1906.0,149.12,Barclays,EQ-LDN,2026-04-21,2026-04-26,VOD.L,BUY,1906.0,149.8656,Barclays,EQ-LDN,PRICE_TOL,2026-04-21,5,2-5d,1421.11,3,4263.33
T109282,2026-04-23,2026-04-27,GS,BUY,987.0,255.32,JP Morgan,EQ-NY,2026-04-23,2026-04-27,GS,BUY,987.0,256.5966,JP Morgan,EQ-NY,PRICE_TOL,2026-04-23,3,2-5d,1260.0,3,3780.0
T103519,2026-04-23,2026-04-27,GS,SELL,3115.0,64.29,UBS,EQ-HK,2026-04-23,2026-04-27,GS,SELL,3115.0,64.6114,UBS,EQ-HK,PRICE_TOL,2026-04-23,3,2-5d,1001.16,3,3003.48
T107327,2026-04-22,2026-04-27,AMZN,BUY,1410.0,122.98,Barclays,EQ-LDN,2026-04-22,2026-04-27,AMZN,BUY,1410.0,123.5949,Barclays,EQ-LDN,PRICE_TOL,2026-04-22,4,2-5d,867.01,3,2601.03
T108518,2026-04-25,2026-04-26,HSBA.L,BUY,3931.0,125.6,Barclays,EQ-LDN,2026-04-25,2026-04-26,HSBA.L,BUY,3931.0,126.228,Barclays,EQ-LDN,PRICE_TOL,2026-04-25,1,0-1d,2468.67,1,2468.67
T105409,2026-04-22,2026-04-27,JPM,BUY,1908.0,77.26,Morgan Stanley,EQ-NY,2026-04-22,2026-04-27,JPM,BUY,1908.0,77.6463,Morgan Stanley,EQ-NY,PRICE_TOL,2026-04-22,4,2-5d,737.06,3,2211.18
T104272,2026-04-21,2026-04-26,VOD.L,BUY,1371.0,88.64,Morgan Stanley,EQ-NY,2026-04-21,2026-04-26,VOD.L,BUY,1371.0,89.0832,Morgan Stanley,EQ-NY,PRICE_TOL,2026-04-21,5,2-5d,607.63,3,1822.89
T102538,2026-04-21,2026-04-28,AMZN,BUY,403.0,284.58,Citi,EQ-NY,2026-04-21,2026-04-28,AMZN,BUY,403.0,286.0029,Citi,EQ-NY,PRICE_TOL,2026-04-21,5,2-5d,573.43,3,1720.29
T108533,2026-04-17,2026-04-28,TSLA,SELL,561.0,59.84,Morgan Stanley,EQ-HK,2026-04-17,2026-04-28,TSLA,SELL,561.0,60.1392,Morgan Stanley,EQ-HK,PRICE_TOL,2026-04-17,9,>5d,167.85,10,1678.5
T102888,2026-04-21,2026-04-27,AMZN,BUY,197.0,424.21,Barclays,EQ-NY,2026-04-21,2026-04-27,AMZN,BUY,197.0,426.331,Barclays,EQ-NY,PRICE_TOL,2026-04-21,5,2-5d,417.84,3,1253.52
T100197,2026-04-23,2026-04-27,VOD.L,BUY,142.0,421.65,Citi,EQ-HK,2026-04-23,2026-04-27,VOD.L,BUY,142.0,423.7582,Citi,EQ-HK,PRICE_TOL,2026-04-23,3,2-5d,299.36,3,898.08
T102177,2026-04-26,2026-04-26,HSBA.L,BUY,296.0,448.54,UBS,EQ-NY,2026-04-26,2026-04-26,HSBA.L,BUY,296.0,450.7827,UBS,EQ-NY,PRICE_TOL,2026-04-26,0,0-1d,663.84,1,663.84
